-- Schema SQL pour le docker compose

--
-- TOC entry 2 (class 3079 OID 16385)
-- Name: postgis; Type: EXTENSION; Schema: -; Owner: -
--

CREATE EXTENSION IF NOT EXISTS postgis WITH SCHEMA public;


--
-- TOC entry 3864 (class 0 OID 0)
-- Dependencies: 2
-- Name: EXTENSION postgis; Type: COMMENT; Schema: -; Owner:
--

COMMENT ON EXTENSION postgis IS 'PostGIS geometry, geography, and raster spatial types and functions';


SET default_tablespace = '';

-- SET default_table_access_method = heap;

--
-- TOC entry 209 (class 1259 OID 26102)
-- Name: beacon; Type: TABLE; Schema: public; Owner: postgres
--
DROP TABLE IF EXISTS public.beacon CASCADE;
CREATE TABLE public.beacon (
    id character varying(255) NOT NULL,
    geom public.geometry(Point,4326) NOT NULL,
    uuid character varying(255),
    floor_id bigint NOT NULL,
    height double precision
);


ALTER TABLE public.beacon OWNER TO postgres;

--
-- TOC entry 210 (class 1259 OID 26110)
-- Name: building; Type: TABLE; Schema: public; Owner: postgres
--
DROP TABLE IF EXISTS public.building CASCADE;
CREATE TABLE public.building (
    id bigint NOT NULL,
    name character varying(255) NOT NULL
);


ALTER TABLE public.building OWNER TO postgres;

--
-- TOC entry 214 (class 1259 OID 26203)
-- Name: event; Type: TABLE; Schema: public; Owner: postgres
--
DROP TABLE IF EXISTS public.event CASCADE;
CREATE TABLE public.event (
    id bigint NOT NULL,
    description character varying(255),
    end_date timestamp without time zone,
    start_date timestamp without time zone,
    title character varying(255) NOT NULL,
    place_id bigint NOT NULL
);


ALTER TABLE public.event OWNER TO postgres;

--
-- TOC entry 211 (class 1259 OID 26123)
-- Name: floor; Type: TABLE; Schema: public; Owner: postgres
--
DROP TABLE IF EXISTS public.floor CASCADE;
CREATE TABLE public.floor (
    id bigint NOT NULL,
    level integer NOT NULL,
    name character varying(255) NOT NULL,
    building_id bigint NOT NULL
);


ALTER TABLE public.floor OWNER TO postgres;

--
-- TOC entry 212 (class 1259 OID 26128)
-- Name: floorbound; Type: TABLE; Schema: public; Owner: postgres
--
DROP TABLE IF EXISTS public.floorbound CASCADE;

CREATE TABLE public.floorbound (
    id bigint NOT NULL,
    geom public.geometry(MultiPolygon,4326),
    floor_id bigint NOT NULL
);


ALTER TABLE public.floorbound OWNER TO postgres;

--
-- TOC entry 213 (class 1259 OID 26136)
-- Name: floorwalls; Type: TABLE; Schema: public; Owner: postgres
--
DROP TABLE IF EXISTS public.floorwalls CASCADE;
CREATE TABLE public.floorwalls (
    id bigint NOT NULL,
    geom public.geometry(MultiLineString,4326),
    floor_id bigint NOT NULL
);


ALTER TABLE public.floorwalls OWNER TO postgres;

--
-- TOC entry 215 (class 1259 OID 26211)
-- Name: graphedge; Type: TABLE; Schema: public; Owner: postgres
--
DROP TABLE IF EXISTS public.graphedge CASCADE;
CREATE TABLE public.graphedge (
    id bigint NOT NULL,
    value double precision,
    building_id bigint NOT NULL,
    end_poi bigint NOT NULL,
    start_poi bigint NOT NULL
);


ALTER TABLE public.graphedge OWNER TO postgres;

--
-- TOC entry 208 (class 1259 OID 25669)
-- Name: hibernate_sequence; Type: SEQUENCE; Schema: public; Owner: postgres
--
DROP SEQUENCE IF EXISTS public.hibernate_sequence CASCADE;
CREATE SEQUENCE public.hibernate_sequence
    START WITH 1
    INCREMENT BY 1
    NO MINVALUE
    NO MAXVALUE
    CACHE 1;


ALTER TABLE public.hibernate_sequence OWNER TO postgres;

--
-- TOC entry 216 (class 1259 OID 26216)
-- Name: poi; Type: TABLE; Schema: public; Owner: postgres
--
DROP TABLE IF EXISTS public.poi CASCADE;
CREATE TABLE public.poi (
    type_poi character varying(31) NOT NULL,
    id bigint NOT NULL,
    geom public.geometry(Point,4326) NOT NULL,
    title character varying(255),
    type character varying(255),
    floor_id bigint NOT NULL
);


ALTER TABLE public.poi OWNER TO postgres;

--
-- TOC entry 218 (class 1259 OID 42710)
-- Name: poi_events; Type: TABLE; Schema: public; Owner: postgres
--
DROP TABLE IF EXISTS public.poi_events CASCADE;
CREATE TABLE public.poi_events (
    visiblepoi_id bigint NOT NULL,
    events_id bigint NOT NULL
);


ALTER TABLE public.poi_events OWNER TO postgres;

--
-- TOC entry 217 (class 1259 OID 42696)
-- Name: user; Type: TABLE; Schema: public; Owner: postgres
--
DROP TABLE IF EXISTS public."user" CASCADE;
CREATE TABLE public."user" (
    id bigint NOT NULL,
    password character varying(255) NOT NULL,
    username character varying(255) NOT NULL
);


ALTER TABLE public."user" OWNER TO postgres;

--
-- TOC entry 3698 (class 2606 OID 26109)
-- Name: beacon beacon_pkey; Type: CONSTRAINT; Schema: public; Owner: postgres
--

ALTER TABLE ONLY public.beacon
    ADD CONSTRAINT beacon_pkey PRIMARY KEY (id);


--
-- TOC entry 3700 (class 2606 OID 26114)
-- Name: building building_pkey; Type: CONSTRAINT; Schema: public; Owner: postgres
--

ALTER TABLE ONLY public.building
    ADD CONSTRAINT building_pkey PRIMARY KEY (id);


--
-- TOC entry 3708 (class 2606 OID 26210)
-- Name: event event_pkey; Type: CONSTRAINT; Schema: public; Owner: postgres
--

ALTER TABLE ONLY public.event
    ADD CONSTRAINT event_pkey PRIMARY KEY (id);


--
-- TOC entry 3702 (class 2606 OID 26127)
-- Name: floor floor_pkey; Type: CONSTRAINT; Schema: public; Owner: postgres
--

ALTER TABLE ONLY public.floor
    ADD CONSTRAINT floor_pkey PRIMARY KEY (id);


--
-- TOC entry 3704 (class 2606 OID 26135)
-- Name: floorbound floorbound_pkey; Type: CONSTRAINT; Schema: public; Owner: postgres
--

ALTER TABLE ONLY public.floorbound
    ADD CONSTRAINT floorbound_pkey PRIMARY KEY (id);


--
-- TOC entry 3706 (class 2606 OID 26143)
-- Name: floorwalls floorwalls_pkey; Type: CONSTRAINT; Schema: public; Owner: postgres
--

ALTER TABLE ONLY public.floorwalls
    ADD CONSTRAINT floorwalls_pkey PRIMARY KEY (id);


--
-- TOC entry 3710 (class 2606 OID 26215)
-- Name: graphedge graphedge_pkey; Type: CONSTRAINT; Schema: public; Owner: postgres
--

ALTER TABLE ONLY public.graphedge
    ADD CONSTRAINT graphedge_pkey PRIMARY KEY (id);


--
-- TOC entry 3712 (class 2606 OID 26223)
-- Name: poi poi_pkey; Type: CONSTRAINT; Schema: public; Owner: postgres
--

ALTER TABLE ONLY public.poi
    ADD CONSTRAINT poi_pkey PRIMARY KEY (id);


--
-- TOC entry 3716 (class 2606 OID 42714)
-- Name: poi_events uk_jucyxkn9p0cj8p2ti57rc9gk0; Type: CONSTRAINT; Schema: public; Owner: postgres
--

ALTER TABLE ONLY public.poi_events
    ADD CONSTRAINT uk_jucyxkn9p0cj8p2ti57rc9gk0 UNIQUE (events_id);


--
-- TOC entry 3714 (class 2606 OID 42703)
-- Name: user user_pkey; Type: CONSTRAINT; Schema: public; Owner: postgres
--

ALTER TABLE ONLY public."user"
    ADD CONSTRAINT user_pkey PRIMARY KEY (id);


--
-- TOC entry 3719 (class 2606 OID 26172)
-- Name: floorbound fk19rn3hlfqud9xmoyp4lh3jhte; Type: FK CONSTRAINT; Schema: public; Owner: postgres
--

ALTER TABLE ONLY public.floorbound
    ADD CONSTRAINT fk19rn3hlfqud9xmoyp4lh3jhte FOREIGN KEY (floor_id) REFERENCES public.floor(id);


--
-- TOC entry 3727 (class 2606 OID 42720)
-- Name: poi_events fk3dk1k1o0n4v80a3fw3hcsi3yf; Type: FK CONSTRAINT; Schema: public; Owner: postgres
--

ALTER TABLE ONLY public.poi_events
    ADD CONSTRAINT fk3dk1k1o0n4v80a3fw3hcsi3yf FOREIGN KEY (visiblepoi_id) REFERENCES public.poi(id);


--
-- TOC entry 3725 (class 2606 OID 26244)
-- Name: poi fk3ssfvnpipdfvkkuqsb0i7oqss; Type: FK CONSTRAINT; Schema: public; Owner: postgres
--

ALTER TABLE ONLY public.poi
    ADD CONSTRAINT fk3ssfvnpipdfvkkuqsb0i7oqss FOREIGN KEY (floor_id) REFERENCES public.floor(id);


--
-- TOC entry 3717 (class 2606 OID 26157)
-- Name: beacon fkbu7ybtx38iorxiyafnc3ab75s; Type: FK CONSTRAINT; Schema: public; Owner: postgres
--

ALTER TABLE ONLY public.beacon
    ADD CONSTRAINT fkbu7ybtx38iorxiyafnc3ab75s FOREIGN KEY (floor_id) REFERENCES public.floor(id);


--
-- TOC entry 3723 (class 2606 OID 26234)
-- Name: graphedge fkced9p05681ilkaxak0teauiib; Type: FK CONSTRAINT; Schema: public; Owner: postgres
--

ALTER TABLE ONLY public.graphedge
    ADD CONSTRAINT fkced9p05681ilkaxak0teauiib FOREIGN KEY (end_poi) REFERENCES public.poi(id);


--
-- TOC entry 3722 (class 2606 OID 26229)
-- Name: graphedge fkdp2335by51oix5ho0cevsxmlk; Type: FK CONSTRAINT; Schema: public; Owner: postgres
--

ALTER TABLE ONLY public.graphedge
    ADD CONSTRAINT fkdp2335by51oix5ho0cevsxmlk FOREIGN KEY (building_id) REFERENCES public.building(id);


--
-- TOC entry 3718 (class 2606 OID 26167)
-- Name: floor fkfvb11l7lpgqc6qdrg3bm24kr3; Type: FK CONSTRAINT; Schema: public; Owner: postgres
--

ALTER TABLE ONLY public.floor
    ADD CONSTRAINT fkfvb11l7lpgqc6qdrg3bm24kr3 FOREIGN KEY (building_id) REFERENCES public.building(id);


--
-- TOC entry 3721 (class 2606 OID 26224)
-- Name: event fkgu7x5lryvkyml3skm73t4gf38; Type: FK CONSTRAINT; Schema: public; Owner: postgres
--

ALTER TABLE ONLY public.event
    ADD CONSTRAINT fkgu7x5lryvkyml3skm73t4gf38 FOREIGN KEY (place_id) REFERENCES public.poi(id);


--
-- TOC entry 3720 (class 2606 OID 26177)
-- Name: floorwalls fkm5d71n205gdbgj0xpeopdy0sl; Type: FK CONSTRAINT; Schema: public; Owner: postgres
--

ALTER TABLE ONLY public.floorwalls
    ADD CONSTRAINT fkm5d71n205gdbgj0xpeopdy0sl FOREIGN KEY (floor_id) REFERENCES public.floor(id);


--
-- TOC entry 3724 (class 2606 OID 26239)
-- Name: graphedge fkn1xthbuapr025b4ddhh7667sv; Type: FK CONSTRAINT; Schema: public; Owner: postgres
--

ALTER TABLE ONLY public.graphedge
    ADD CONSTRAINT fkn1xthbuapr025b4ddhh7667sv FOREIGN KEY (start_poi) REFERENCES public.poi(id);


--
-- TOC entry 3726 (class 2606 OID 42715)
-- Name: poi_events fkocgodn4lg4c0aqxgmmrlybvwx; Type: FK CONSTRAINT; Schema: public; Owner: postgres
--

ALTER TABLE ONLY public.poi_events
    ADD CONSTRAINT fkocgodn4lg4c0aqxgmmrlybvwx FOREIGN KEY (events_id) REFERENCES public.event(id);

    --
    -- TOC entry 3875 (class 0 OID 26110)
    -- Dependencies: 210
    -- Data for Name: building; Type: TABLE DATA; Schema: public; Owner: postgres
    --

    INSERT INTO public.building VALUES (0, 'Copernic');
    INSERT INTO public.building VALUES (652, 'Lavoisier');
    INSERT INTO public.building VALUES (702, 'TestPourArxit');


    --
    -- TOC entry 3876 (class 0 OID 26123)
    -- Dependencies: 211
    -- Data for Name: floor; Type: TABLE DATA; Schema: public; Owner: postgres
    --

    INSERT INTO public.floor VALUES (0, 0, 'RDC', 0);
    INSERT INTO public.floor VALUES (1, 1, 'R+1', 0);
    INSERT INTO public.floor VALUES (2, 2, 'R+2', 0);
    INSERT INTO public.floor VALUES (802, 0, 'RDC', 652);
    INSERT INTO public.floor VALUES (803, 1, 'R+1', 652);


    --
    -- TOC entry 3874 (class 0 OID 26102)
    -- Dependencies: 209
    -- Data for Name: beacon; Type: TABLE DATA; Schema: public; Owner: postgres
    --

    INSERT INTO public.beacon VALUES ('2', '0101000020E61000009C9F97B299B304405922B2036B6B4840', 'mevp', 1, 2.43);
    INSERT INTO public.beacon VALUES ('10', '0101000020E6100000A97970B1D0B3044053DC52256B6B4840', 'OYJo', 1, 2.43);
    INSERT INTO public.beacon VALUES ('11', '0101000020E6100000BE5A717609B40440C24F94686B6B4840', 'bXWL', 1, 2.43);
    INSERT INTO public.beacon VALUES ('4', '0101000020E61000004A45B51669B304405E0049A66A6B4840', 'xOCX', 1, 2.43);
    INSERT INTO public.beacon VALUES ('5', '0101000020E6100000184A91F49DB304408FC7F1AB696B4840', '69o3', 1, 2.55);
    INSERT INTO public.beacon VALUES ('0', '0101000020E610000030BFFAEA7AB30440D00EA7116C6B4840', 'Igbn', 1, 2.55);
    INSERT INTO public.beacon VALUES ('1', '0101000020E610000021B7FD73B9B3044075E4B5576C6B4840', 'lNW4', 1, 2.55);
    INSERT INTO public.beacon VALUES ('3', '0101000020E61000002F735B25C2B30440568392CD696B4840', 'CbWk', 1, 2.43);
    INSERT INTO public.beacon VALUES ('12', '0101000020E6100000469C2556E6B30440FD97806A6A6B4840', 'Lt82', 1, 2.7);
    INSERT INTO public.beacon VALUES ('6', '0101000020E6100000A0D967B4ECB304402A1FA50A6A6B4840', '7IpK', 0, 2.7);
    INSERT INTO public.beacon VALUES ('7', '0101000020E6100000B252DA0840B304404B414D576D6B4840', 'RgCH', 0, 1.3);
    INSERT INTO public.beacon VALUES ('8', '0101000020E6100000FAA0CB4172B30440C1240C7E706B4840', 'A3ZF', 0, 2.8);
    INSERT INTO public.beacon VALUES ('9', '0101000020E61000006B0BB46F5FB3044013439856716B4840', 'M0qW', 0, 2.56);
    INSERT INTO public.beacon VALUES ('15', '0101000020E6100000D8BAB41AF8B204404C58846F6E6B4840', 'h04X', 0, 2.67);
    INSERT INTO public.beacon VALUES ('13', '0101000020E610000002C6D8AFFDB204403B7E7B21726B4840', 'OroY', 0, 2.7);
    INSERT INTO public.beacon VALUES ('14', '0101000020E61000004493C04FE4B204403942D5E8706B4840', 'cgHO', 0, 2.8);


    --
    -- TOC entry 3881 (class 0 OID 26216)
    -- Dependencies: 216
    -- Data for Name: poi; Type: TABLE DATA; Schema: public; Owner: postgres
    --

    INSERT INTO public.poi VALUES ('visible', 6151, '0101000020E6100000C85C19541BBC0440A80183A44F6B4840', 'Entrée bâtiment', 'misc', 802);
    INSERT INTO public.poi VALUES ('visible', 47, '0101000020E61000004A2D008D79B30440EC35A6CF6A6B4840', 'Salle d''examen 1', 'teaching', 0);
    INSERT INTO public.poi VALUES ('visible', 6152, '0101000020E6100000E99AC937DBBC0440209A79724D6B4840', 'Escaliers RDC', 'stairs', 802);
    INSERT INTO public.poi VALUES ('visible', 6153, '0101000020E6100000F5143944DCBC04404F1E166A4D6B4840', 'Escaliers R+1', 'stairs', 803);
    INSERT INTO public.poi VALUES ('visible', 6154, '0101000020E6100000041C42959ABD0440F73AA92F4B6B4840', 'Fenêtre', 'misc', 803);
    INSERT INTO public.poi VALUES ('visible', 1, '0101000020E6100000A3C862B0CCB10440B350A72F6A6B4840', 'FDK', 'food', 1);
    INSERT INTO public.poi VALUES ('visible', 48, '0101000020E61000009280FF22FDB20440B9D1A45B6A6B4840', 'Salle d''examen 3', 'teaching', 0);
    INSERT INTO public.poi VALUES ('basic', 49, '0101000020E6100000E2D2836D38B3044084D43E7A6B6B4840', NULL, NULL, 0);
    INSERT INTO public.poi VALUES ('visible', 50, '0101000020E6100000B72CF1AA3BB3044032103C926A6B4840', 'Salle d''examen 2', 'teaching', 0);
    INSERT INTO public.poi VALUES ('visible', 51, '0101000020E61000009FB920A3DEB304408FD72DD86A6B4840', 'Placard à balai', 'misc', 1);
    INSERT INTO public.poi VALUES ('basic', 52, '0101000020E61000001CC7685BE8B30440994130A36B6B4840', NULL, NULL, 0);
    INSERT INTO public.poi VALUES ('basic', 53, '0101000020E61000000424D737A6B4044041F3F5466C6B4840', NULL, NULL, 0);
    INSERT INTO public.poi VALUES ('basic', 6, '0101000020E610000061321C4FEEB10440C585D3586A6B4840', NULL, NULL, 1);
    INSERT INTO public.poi VALUES ('basic', 7, '0101000020E61000006D05597DF2B1044035E3121A696B4840', NULL, NULL, 1);
    INSERT INTO public.poi VALUES ('basic', 8, '0101000020E6100000F9404F18ACB204400DF18FFE696B4840', NULL, NULL, 1);
    INSERT INTO public.poi VALUES ('basic', 10, '0101000020E610000049F4A365F8B204401FF6DF556A6B4840', NULL, NULL, 1);
    INSERT INTO public.poi VALUES ('basic', 12, '0101000020E610000061C5A7453DB304409ED7A4A06A6B4840', NULL, NULL, 1);
    INSERT INTO public.poi VALUES ('basic', 13, '0101000020E61000003347B96B7BB30440EAC747E46A6B4840', NULL, NULL, 1);
    INSERT INTO public.poi VALUES ('basic', 14, '0101000020E61000006DE6D414BFB3044087693E236B6B4840', NULL, NULL, 1);
    INSERT INTO public.poi VALUES ('basic', 15, '0101000020E6100000D5D7232FD7B30440730BDF396B6B4840', NULL, NULL, 1);
    INSERT INTO public.poi VALUES ('visible', 16, '0101000020E6100000D6308CD7CDB304402FF2FE616C6B4840', 'Bureau Monique', 'admin', 1);
    INSERT INTO public.poi VALUES ('basic', 17, '0101000020E6100000F013FB3FD6B30440121C0D8A6B6B4840', NULL, NULL, 1);
    INSERT INTO public.poi VALUES ('basic', 18, '0101000020E6100000D3501C70BBB30440F8E1263A6C6B4840', NULL, NULL, 1);
    INSERT INTO public.poi VALUES ('basic', 19, '0101000020E6100000FF9939A478B30440056217016C6B4840', NULL, NULL, 1);
    INSERT INTO public.poi VALUES ('visible', 2, '0101000020E610000044EA1D359BB3044068E0571F6C6B4840', 'Salle 1b140', 'teaching', 1);
    INSERT INTO public.poi VALUES ('basic', 9, '0101000020E61000001B220719B9B20440FBC267176A6B4840', NULL, NULL, 1);
    INSERT INTO public.poi VALUES ('basic', 55, '0101000020E61000000F33A91D36B40440214C6DE76B6B4840', NULL, NULL, 0);
    INSERT INTO public.poi VALUES ('visible', 0, '0101000020E610000005F7ED4A2AB204409E254218676B4840', 'Cafétéria CROUS', 'food', 0);
    INSERT INTO public.poi VALUES ('basic', 21, '0101000020E6100000BC4850F7D5B304408367A8E46A6B4840', NULL, NULL, 0);
    INSERT INTO public.poi VALUES ('basic', 22, '0101000020E6100000E7EEE2B9D2B30440CC7C6FFC6B6B4840', NULL, NULL, 0);
    INSERT INTO public.poi VALUES ('basic', 23, '0101000020E6100000F42220C0BAB3044095C6F6E76B6B4840', NULL, NULL, 0);
    INSERT INTO public.poi VALUES ('basic', 24, '0101000020E6100000C02DC086C2B30440B14DD181696B4840', NULL, NULL, 0);
    INSERT INTO public.poi VALUES ('basic', 25, '0101000020E610000080C427B676B30440048B5FB16B6B4840', NULL, NULL, 0);
    INSERT INTO public.poi VALUES ('basic', 26, '0101000020E610000015157F5AF8B2044015FA034B6B6B4840', NULL, NULL, 0);
    INSERT INTO public.poi VALUES ('basic', 27, '0101000020E6100000CA1C1E8245B20440E6A2F28B6A6B4840', NULL, NULL, 0);
    INSERT INTO public.poi VALUES ('basic', 28, '0101000020E61000009627BE484DB20440310E9D44676B4840', NULL, NULL, 0);
    INSERT INTO public.poi VALUES ('basic', 5, '0101000020E61000002D6A5AD0A5B104401A8A44016A6B4840', '', NULL, 1);
    INSERT INTO public.poi VALUES ('visible', 35, '0101000020E6100000F8E2242F4FB30440D6578B5B706B4840', 'Amphithéatre du RDC', 'teaching', 0);
    INSERT INTO public.poi VALUES ('basic', 4, '0101000020E6100000C8FF1275A9B10440CBBD7FC3686B4840', '', NULL, 1);
    INSERT INTO public.poi VALUES ('visible', 20, '0101000020E6100000408EAC0F36B10440607249646E6B4840', 'Cantine Eco+', 'food', 0);
    INSERT INTO public.poi VALUES ('basic', 31, '0101000020E61000004CAC2A63B2B304401FBED04F6E6B4840', NULL, NULL, 0);
    INSERT INTO public.poi VALUES ('basic', 32, '0101000020E610000035A4328EACB30440E5BD32FA706B4840', NULL, NULL, 0);
    INSERT INTO public.poi VALUES ('basic', 33, '0101000020E61000002101B426BCB204406B891A1C736B4840', NULL, NULL, 0);
    INSERT INTO public.poi VALUES ('basic', 29, '0101000020E610000073C307DA99B10440C8B3B84C6B6B4840', NULL, NULL, 0);
    INSERT INTO public.poi VALUES ('basic', 30, '0101000020E6100000E377A76B63B1044028BA930B6E6B4840', NULL, NULL, 0);
    INSERT INTO public.poi VALUES ('visible', 36, '0101000020E610000030468838EFB3044069C4F2676A6B4840', 'Escaliers R+1', 'stairs', 1);
    INSERT INTO public.poi VALUES ('visible', 37, '0101000020E610000043AED553EFB304406A8682686A6B4840', 'Escaliers RDC', 'stairs', 0);
    INSERT INTO public.poi VALUES ('basic', 38, '0101000020E61000006174BCE3E1B3044000D313446B6B4840', NULL, NULL, 1);
    INSERT INTO public.poi VALUES ('basic', 39, '0101000020E6100000493B5846EBB30440D3AC604B6B6B4840', NULL, NULL, 1);
    INSERT INTO public.poi VALUES ('basic', 40, '0101000020E6100000458454B6D7B304406F4BDD4A6A6B4840', '', '', 0);
    INSERT INTO public.poi VALUES ('basic', 41, '0101000020E6100000ECB706B976B10440A53C6B396B6B4840', NULL, NULL, 0);
    INSERT INTO public.poi VALUES ('basic', 42, '0101000020E610000004C0FE8D7CB10440224546F86D6B4840', NULL, NULL, 0);
    INSERT INTO public.poi VALUES ('basic', 43, '0101000020E610000063FB6E52A7B104403C178BF4706B4840', NULL, NULL, 0);
    INSERT INTO public.poi VALUES ('visible', 44, '0101000020E61000004429975EC8B104400FA078C16F6B4840', 'Bureaux administratifs', 'admin', 0);
    INSERT INTO public.poi VALUES ('basic', 45, '0101000020E6100000464E027F20B2044093318549746B4840', NULL, NULL, 0);
    INSERT INTO public.poi VALUES ('visible', 54, '0101000020E6100000B6267F29A8B4044039E12E2F6B6B4840', 'Toilettes RDC', 'wc', 0);
    INSERT INTO public.poi VALUES ('visible', 57, '0101000020E6100000322F7CB538B40440F8C561036B6B4840', 'Ascenseur R+1', 'lift', 1);
    INSERT INTO public.poi VALUES ('basic', 58, '0101000020E6100000D9EE52B7E0B30440234E31946B6B4840', '', '', 1);
    INSERT INTO public.poi VALUES ('visible', 59, '0101000020E6100000A529E872E4B304406205EC7E6C6B4840', 'Secrétariat GM', 'admin', 1);
    INSERT INTO public.poi VALUES ('basic', 100, '0101000020E6100000EC5AC034F6B3044010B6FB566B6B4840', '', '', 1);
    INSERT INTO public.poi VALUES ('basic', 101, '0101000020E61000004AA4E71E18B4044030A14E756B6B4840', '', '', 1);
    INSERT INTO public.poi VALUES ('basic', 102, '0101000020E61000006D8B970C37B404402C8CA1936B6B4840', '', '', 1);
    INSERT INTO public.poi VALUES ('basic', 103, '0101000020E610000052CEFB67F5B304404221C7AB6B6B4840', '', '', 1);
    INSERT INTO public.poi VALUES ('visible', 104, '0101000020E61000009F2D08D5F9B30440B115F2956C6B4840', 'Secrétariat IMAC', 'admin', 1);
    INSERT INTO public.poi VALUES ('basic', 105, '0101000020E6100000828E8A212FB2044001C89166696B4840', '', '', 1);
    INSERT INTO public.poi VALUES ('basic', 106, '0101000020E61000004AD8F4CF26B20440BCA5E73E6C6B4840', '', '', 1);
    INSERT INTO public.poi VALUES ('basic', 200, '0101000020E61000004EE89FFD1EB40440C6F2CED36B6B4840', NULL, NULL, 0);
    INSERT INTO public.poi VALUES ('visible', 201, '0101000020E6100000E8E24F1A1BB40440693CE7EB696B4840', 'Salle 0b160', 'teaching', 0);
    INSERT INTO public.poi VALUES ('basic', 202, '0101000020E61000009B0354F9CBB104404A923AC7716B4840', NULL, NULL, 0);
    INSERT INTO public.poi VALUES ('basic', 204, '0101000020E6100000B67B087B22B2044004CE766A776B4840', NULL, NULL, 0);
    INSERT INTO public.poi VALUES ('basic', 205, '0101000020E6100000D208EEA74AB20440FE6C1B04776B4840', NULL, NULL, 0);
    INSERT INTO public.poi VALUES ('basic', 206, '0101000020E6100000A4DD6D8D2BB20440412C436F6A6B4840', NULL, NULL, 0);
    INSERT INTO public.poi VALUES ('basic', 108, '0101000020E61000000F230A1480B20440472C67C9696B4840', '', '', 1);
    INSERT INTO public.poi VALUES ('basic', 109, '0101000020E6100000DA33102581B20440B9DFCBDF686B4840', '', '', 1);
    INSERT INTO public.poi VALUES ('visible', 110, '0101000020E6100000AB811FD468B2044035651ABE686B4840', 'Escaliers R+1', 'stairs', 1);
    INSERT INTO public.poi VALUES ('basic', 208, '0101000020E610000009C4B18FC1B20440B5971E066B6B4840', '', '', 0);
    INSERT INTO public.poi VALUES ('basic', 209, '0101000020E61000009C8DFA5BCEB2044074EA9CFA666B4840', '', '', 0);
    INSERT INTO public.poi VALUES ('basic', 210, '0101000020E6100000E237B52571B20440514088A56A6B4840', '', '', 0);
    INSERT INTO public.poi VALUES ('visible', 212, '0101000020E61000009FCD78C668B2044020E1FABC686B4840', 'Escaliers RDC', 'stairs', 0);
    INSERT INTO public.poi VALUES ('basic', 211, '0101000020E6100000456AC75874B20440F047A6C7686B4840', '', '', 0);
    INSERT INTO public.poi VALUES ('basic', 213, '0101000020E6100000EFE0A6A292B204407EC8CE3B706B4840', '', '', 0);
    INSERT INTO public.poi VALUES ('visible', 46, '0101000020E610000086EC3FE54AB30440DB9F31176C6B4840', 'Müüür', 'misc', 0);
    INSERT INTO public.poi VALUES ('visible', 207, '0101000020E61000007937DBCA2EB20440852611E0686B4840', 'Ascenseur Cafet RDC', 'lift', 0);
    INSERT INTO public.poi VALUES ('visible', 203, '0101000020E6100000217BF998E4B104406827EB4F706B4840', 'Escalier Centraux RDC', 'stairs', 0);
    INSERT INTO public.poi VALUES ('visible', 107, '0101000020E6100000AD119C31F3B10440B158D76E6F6B4840', 'Escaliers Centraux R+1', 'stairs', 1);
    INSERT INTO public.poi VALUES ('basic', 11, '0101000020E61000000F14D4ED29B30440539CD28E6A6B4840', NULL, NULL, 1);
    INSERT INTO public.poi VALUES ('visible', 3, '0101000020E6100000245208F751B304406D7ABCCA6B6B4840', 'Salle 1b130', 'teaching', 1);
    INSERT INTO public.poi VALUES ('visible', 56, '0101000020E610000051E133B538B4044069733D066B6B4840', 'Ascenseur RDC', 'lift', 0);
    INSERT INTO public.poi VALUES ('visible', 111, '0101000020E61000005756A2CF2EB2044019C8B0DD686B4840', 'Ascenseur R+1', 'lift', 1);
    INSERT INTO public.poi VALUES ('visible', 120, '0101000020E610000012460AF624B30440A72CC2C06B6B4840', 'Salle 1b120', 'teaching', 1);
    INSERT INTO public.poi VALUES ('basic', 124, '0101000020E61000001B32418E3FB304408513DFB7696B4840', NULL, NULL, 1);
    INSERT INTO public.poi VALUES ('visible', 121, '0101000020E6100000F9AABA2659B30440479B18DA686B4840', 'Salle 1b131', 'teaching', 1);
    INSERT INTO public.poi VALUES ('basic', 123, '0101000020E6100000B277423734B304407DB7A2AD696B4840', NULL, NULL, 1);
    INSERT INTO public.poi VALUES ('visible', 122, '0101000020E6100000D4FEC89E1AB3044031A28069686B4840', 'Salle 1b121', 'teaching', 1);
    INSERT INTO public.poi VALUES ('basic', 125, '0101000020E610000033CA7CB6F4B204407D9BFDD9696B4840', NULL, NULL, 1);
    INSERT INTO public.poi VALUES ('visible', 126, '0101000020E6100000F04BB33AD7B204405C4154AA686B4840', 'Salle 1b111', 'teaching', 1);
    INSERT INTO public.poi VALUES ('basic', 127, '0101000020E61000005B1BE33CB4B204405D8BC095696B4840', NULL, NULL, 1);
    INSERT INTO public.poi VALUES ('visible', 128, '0101000020E61000007A8D38F9C8B204408DC2895B6B6B4840', 'Salle 1b110', 'teaching', 1);
    INSERT INTO public.poi VALUES ('visible', 129, '0101000020E610000075539C2D9FB2044038E12E2F6B6B4840', 'Salle 1b090', 'teaching', 1);
    INSERT INTO public.poi VALUES ('basic', 130, '0101000020E6100000E911176FADB2044031A28069686B4840', NULL, NULL, 1);
    INSERT INTO public.poi VALUES ('visible', 131, '0101000020E610000032D5D2B181B204401E059DDD676B4840', 'Salle 1b101', 'teaching', 1);
    INSERT INTO public.poi VALUES ('basic', 132, '0101000020E6100000272B677DB5B3044044AF87AD6A6B4840', NULL, NULL, 1);
    INSERT INTO public.poi VALUES ('visible', 133, '0101000020E61000000604634D99B3044051A3ED8E696B4840', 'Salle 1b141', 'teaching', 1);
    INSERT INTO public.poi VALUES ('visible', 300, '0101000020E6100000FC44C66DFBB40440539CD28E6A6B4840', 'Salle 1b211', 'teaching', 1);
    INSERT INTO public.poi VALUES ('visible', 301, '0101000020E610000072D37F9324B50440193056436E6B4840', 'Salle 1b210', 'teaching', 1);
    INSERT INTO public.poi VALUES ('visible', 302, '0101000020E61000004B67899C51B50440001289216B6B4840', 'Salle 1b221', 'teaching', 1);
    INSERT INTO public.poi VALUES ('visible', 303, '0101000020E6100000DF97599A74B50440D8C801366B6B4840', 'Salle 1b231', 'teaching', 1);
    INSERT INTO public.poi VALUES ('visible', 304, '0101000020E61000002AE002356BB504406AD9567D6E6B4840', 'Salle 1b230', 'teaching', 1);
    INSERT INTO public.poi VALUES ('visible', 305, '0101000020E61000006CFE4979BEB504407E4FFDC46E6B4840', 'Salle 1b240', 'teaching', 1);
    INSERT INTO public.poi VALUES ('visible', 306, '0101000020E6100000FCA92C1FBFB504401B8BB78E6B6B4840', 'Salle 1b241', 'teaching', 1);
    INSERT INTO public.poi VALUES ('basic', 307, '0101000020E610000093BA8832D5B4044044F3F5466C6B4840', NULL, NULL, 1);
    INSERT INTO public.poi VALUES ('basic', 308, '0101000020E6100000D76813CAD7B40440D59C6CAD6B6B4840', NULL, NULL, 1);
    INSERT INTO public.poi VALUES ('basic', 309, '0101000020E61000002A7046881AB50440E29F31176C6B4840', NULL, NULL, 1);
    INSERT INTO public.poi VALUES ('basic', 310, '0101000020E6100000F5AAA76A07B50440C8F3BAB06C6B4840', NULL, NULL, 1);
    INSERT INTO public.poi VALUES ('basic', 311, '0101000020E6100000FBB4821A4CB5044041348F2B6D6B4840', NULL, NULL, 1);
    INSERT INTO public.poi VALUES ('basic', 312, '0101000020E61000003F630DB24EB50440F5B0E6356C6B4840', NULL, NULL, 1);
    INSERT INTO public.poi VALUES ('basic', 313, '0101000020E6100000138DB9D36CB5044084B7AD4D6D6B4840', NULL, NULL, 1);
    INSERT INTO public.poi VALUES ('basic', 314, '0101000020E61000007A9209B770B50440D31CD85E6C6B4840', NULL, NULL, 1);
    INSERT INTO public.poi VALUES ('basic', 315, '0101000020E6100000D2039A5CC2B504403C4009B46D6B4840', NULL, NULL, 1);
    INSERT INTO public.poi VALUES ('basic', 316, '0101000020E61000002EBA1CC9CAB50440B377D9D26C6B4840', NULL, NULL, 1);
    INSERT INTO public.poi VALUES ('basic', 317, '0101000020E61000004FAC7B6308B504402EA96E5B6C6B4840', NULL, NULL, 1);
    INSERT INTO public.poi VALUES ('basic', 318, '0101000020E610000099C463E219B50440C07714696C6B4840', NULL, NULL, 1);
    INSERT INTO public.poi VALUES ('basic', 319, '0101000020E61000001C0C48664DB50440930CE8A96C6B4840', NULL, NULL, 1);
    INSERT INTO public.poi VALUES ('basic', 320, '0101000020E61000008EE552186FB50440899006CC6C6B4840', NULL, NULL, 1);
    INSERT INTO public.poi VALUES ('basic', 321, '0101000020E6100000C8B4CCE5C6B504406FE907406D6B4840', NULL, NULL, 1);
    INSERT INTO public.poi VALUES ('visible', 322, '0101000020E6100000BABBA6F650B504406A9F82026E6B4840', 'Salle 0b221', 'teaching', 0);
    INSERT INTO public.poi VALUES ('visible', 323, '0101000020E6100000760D1C5F4EB50440FF1189216B6B4840', 'Salle 0b230', 'teaching', 0);
    INSERT INTO public.poi VALUES ('visible', 324, '0101000020E6100000EF5084F87EB50440D8C801366B6B4840', 'Salle 0b240', 'teaching', 0);
    INSERT INTO public.poi VALUES ('basic', 325, '0101000020E6100000E80E4BF211B50440703941456C6B4840', NULL, NULL, 0);
    INSERT INTO public.poi VALUES ('basic', 326, '0101000020E6100000DE5FFB434CB504401C006F786C6B4840', NULL, NULL, 0);
    INSERT INTO public.poi VALUES ('basic', 327, '0101000020E6100000CE464EAE77B504408F6B60A16C6B4840', NULL, NULL, 0);
    INSERT INTO public.poi VALUES ('basic', 328, '0101000020E6100000E3D4AE26E8B4044071288C266C6B4840', NULL, NULL, 0);
    INSERT INTO public.poi VALUES ('visible', 329, '0101000020E6100000F927F887E6B40440DE1F9E1F6D6B4840', 'Escaliers aile est RDC', 'stairs', 0);
    INSERT INTO public.poi VALUES ('visible', 330, '0101000020E6100000AB2AA079E8B40440F87B15C06C6B4840', 'Escaliers aile est 1er', 'stairs', 1);
    INSERT INTO public.poi VALUES ('basic', 331, '0101000020E6100000CC8165C5E9B40440C8C5D7416C6B4840', NULL, NULL, 1);
    INSERT INTO public.poi VALUES ('visible', 5851, '0101000020E6100000004CC9CB0DB10440D4D72F33676B4840', 'Crous ECO+', 'wc', 0);
    INSERT INTO public.poi VALUES ('basic', 230, '0101000020E6100000D2713E0CB5B20440DFB174656E6B4840', NULL, NULL, 0);
    INSERT INTO public.poi VALUES ('basic', 231, '0101000020E6100000AE350931C7B204407E513A096F6B4840', NULL, NULL, 0);


    --
    -- TOC entry 3879 (class 0 OID 26203)
    -- Dependencies: 214
    -- Data for Name: event; Type: TABLE DATA; Schema: public; Owner: postgres
    --

    INSERT INTO public.event VALUES (20, 'Cela arrive', '2020-02-29 18:00:00', '2020-02-29 08:00:00', 'Remise en état des toilettes', 54);
    INSERT INTO public.event VALUES (5, 'Ouverture d''un bon vieux portail transdimensionnel', '2020-02-28 18:00:00', '2020-02-27 11:00:00', 'Sacrement païen dans le placard', 51);
    INSERT INTO public.event VALUES (11, 'Au menu : prog 3D et chômage', '2020-03-02 18:00:00', '2020-03-02 14:00:00', 'Repas des IMAC', 20);
    INSERT INTO public.event VALUES (33, 'Soirée ou les hypster font des dessins au feutre, en buvant de l''eau gazeuse et en s''entre félicitant de leur condition d''intermitent du spectacle', '2020-03-06 23:30:00', '2020-03-06 21:30:00', 'Soirée IMAC "dessine moi un soleil"', 1);
    INSERT INTO public.event VALUES (43, 'Stand de la formation Electronique et Informatique des Systèmes Communicants', '2020-03-13 18:00:00', '2020-03-13 08:00:00', 'JPO Stand EISC RDC', 324);
    INSERT INTO public.event VALUES (1, 'Tout le monde jump dans l''escalier !', '2020-02-28 00:00:00', '2020-02-27 00:00:00', 'Fete des escaliers', 1);
    INSERT INTO public.event VALUES (19, 'En hommage à une secrétaire de renom', '2020-03-26 10:00:00', '2020-03-26 06:00:00', 'Cérémonie d''honneur à Notre Dame Monique', 16);
    INSERT INTO public.event VALUES (6, 'Commémoration de la Honte Nationale', '2020-04-18 18:00:00', '2020-04-18 08:00:00', 'Grande Honte de l''Esipe', 46);
    INSERT INTO public.event VALUES (0, 'La fête de la grosse saucisse', '2020-02-26 00:00:00', '2020-01-10 00:00:00', 'Oktoberfest', 1);
    INSERT INTO public.event VALUES (18, 'Même chargé de TP', '2020-02-27 18:00:00', '2020-02-27 14:00:00', 'Suite du TP de C', 2);
    INSERT INTO public.event VALUES (3, 'w33d for sp33d', '2020-03-03 18:00:00', '2020-03-03 10:00:00', 'Réunion internationale de tous les PLP', 1);
    INSERT INTO public.event VALUES (4, 'wcueww', '2020-03-02 15:00:00', '2020-03-02 09:00:00', 'Remise de la légion d''honneur au CRI de l''UPEM', 1);
    INSERT INTO public.event VALUES (2, 'Venez nombreux', '2020-03-20 21:00:00', '2020-03-02 18:00:00', 'Apéritif géant', 20);
    INSERT INTO public.event VALUES (16, 'EXCLU INCROYABLE', '2020-02-26 12:00:00', '2020-02-26 08:00:00', 'Exceptionnel : Panini au Caviar', 0);
    INSERT INTO public.event VALUES (7, 'Examen d''Appli Réseau des 2e années', '2020-03-06 18:00:00', '2020-03-06 16:00:00', 'Examen d''Appli Réseau', 47);
    INSERT INTO public.event VALUES (30, 'w33d for sp33d', '2020-02-25 18:00:00', '2020-02-02 10:00:00', 'Réunion internationale de tous les PLP', 1);
    INSERT INTO public.event VALUES (8, 'Faux TOEIC d''entrainement', '2020-03-19 18:00:00', '2020-03-19 14:00:00', 'TOEIC Mock Exam', 50);
    INSERT INTO public.event VALUES (10, 'Cuisiné par El Pueblo en personne', '2020-03-05 12:00:00', '2020-03-05 08:00:00', 'Petit-déjeuner Eco+', 20);
    INSERT INTO public.event VALUES (13, 'Ordre du jour : l''intolérance', '2020-03-06 18:00:00', '2020-03-06 14:00:00', 'Réunion de crise', 44);
    INSERT INTO public.event VALUES (29, 'wcueww', '2020-03-18 15:00:00', '2020-03-18 09:00:00', 'Remise de la légion d''honneur au CRI de l''UPEM', 1);
    INSERT INTO public.event VALUES (34, 'Stand de la formation Génie Civil', '2020-02-29 18:00:00', '2020-02-29 08:00:00', 'JPO Stand GC', 300);
    INSERT INTO public.event VALUES (35, 'Stand de la formation Imagerie Multimédia Audiovisuel et Communication', '2020-02-29 18:00:00', '2020-02-29 08:00:00', 'JPO Stand IMAC', 301);
    INSERT INTO public.event VALUES (37, 'Projections de la formation Imagerie Multimédia Audiovisuel et Communication', '2020-02-29 18:00:00', '2020-02-29 08:00:00', 'JPO Projections IMAC', 304);
    INSERT INTO public.event VALUES (38, 'Stand de la licence MISP', '2020-02-29 18:00:00', '2020-02-29 08:00:00', 'JPO Stand Licence MISP', 303);
    INSERT INTO public.event VALUES (36, 'Stand de la formation Informatique', '2020-02-29 18:00:00', '2020-02-29 08:00:00', 'JPO Stand INFO 1e étage', 302);
    INSERT INTO public.event VALUES (39, 'Stand de la formation Génie Mécanique', '2020-02-29 18:00:00', '2020-02-29 08:00:00', 'JPO Stand GM 1e étage', 305);
    INSERT INTO public.event VALUES (40, 'Stand de la formation Electronique et Informatique des Systèmes Communicants', '2020-02-29 18:00:00', '2020-02-29 08:00:00', 'JPO Stand EISC 1e étage', 306);
    INSERT INTO public.event VALUES (41, 'Stand de la formation Génie Mécanique', '2020-02-29 18:00:00', '2020-02-29 08:00:00', 'JPO Stand GM RDC', 322);
    INSERT INTO public.event VALUES (42, 'Stand de la formation Informatique', '2020-02-29 18:00:00', '2020-02-29 08:00:00', 'JPO Stand INFO RDC', 323);


    --
    -- TOC entry 3877 (class 0 OID 26128)
    -- Dependencies: 212
    -- Data for Name: floorbound; Type: TABLE DATA; Schema: public; Owner: postgres
    --

    INSERT INTO public.floorbound VALUES (2, '0106000020E61000000100000001030000000100000019000000BFA350F45CB00440D13EBA61696B484097282E62FFB50440B2CE2BD76F6B4840913668CC05B604408C7905CC6F6B4840583FC1F70AB6044064BB7C9B6F6B4840057F10F50DB604403657365B6F6B4840863877660CB60440E4B092086F6B4840541931ED04B604405264A4C76E6B484014156D71EEB50440962247B56E6B484038F6CC3FF0B5044045C2C51D6E6B4840608AEF35FBB5044019FF93296E6B48407CC9C67F06B60440C31938046A6B4840ACBA6DE2E8B50440CA88EED8696B4840E2B831ECE6B50440668C467A6A6B4840C5AB603892B004408F0E602A646B4840B6C4D4D392B00440E05B5C93636B4840F59C079B74B00440D09E2B62636B48403DA5E7DA6BB00440325948BF676B48409BC400F877B004407AA5C2CA676B484011EC26B176B00440657C6959686B48406605405C6AB00440F4F82156686B4840E88ADC585CB00440AC801445686B4840B15F6B0F55B004401B8A8766686B484005A631FA51B00440EEC2E3B5686B4840E75D2F1953B004407AD0901A696B4840BFA350F45CB00440D13EBA61696B4840', 1);
    INSERT INTO public.floorbound VALUES (267, '0106000020E610000001000000010300000001000000050000003A5B40683DBC0440FE7C5BB0546B484046274BADF7BB0440B08EE3874A6B484003780B2428BE04401E15FF77446B4840E1B721C66BBE0440FC8F4C874E6B48403A5B40683DBC0440FE7C5BB0546B4840', 802);
    INSERT INTO public.floorbound VALUES (268, '0106000020E6100000010000000103000000010000000500000045D5AF743EBC04402E01F8A7546B48404BE48233F8BB0440B08EE3874A6B4840A911FA997ABD044083A62556466B4840A30227DBC0BD044060217365506B484045D5AF743EBC04402E01F8A7546B4840', 803);
    INSERT INTO public.floorbound VALUES (1, '0106000020E6100000010000000103000000010000001F0000003854BDC8DBB10440F8E6F2176B6B4840AAE657B4D9B104401010980F6C6B484061B4D45C66B10440CC933E916B6B4840D3466F4864B10440ACFE1A9D6C6B4840E84304B965B10440AB5EE7836D6B48408AAEFE3D69B104409214104E6E6B484048F4C3EB70B104406C4B2F536F6B48402D34B37A7BB10440EB7B3E33706B4840A1E1071E88B1044042C0FAF4706B4840D856746F94B104405EA93A89716B4840E4908DDFA1B10440881D510E726B4840BC70F4B5B1B104403BD88E82726B484080129D1BC4B104409A3560EE726B4840738CA51ADCB1044067613F5F736B4840D8984805F2B10440A883C991736B4840C3341B4C07B2044072C400A6736B48406579A6881DB20440A2940EAB736B4840F3C09C5432B20440A5285D89736B4840E63AA5534AB204401136C551736B48404E88713E5CB204401AD2030B736B484036E31A8575B20440CF07817D726B48403D9BE1F48AB20440A49C5AD3716B48404B42C3C0A1B20440C109DEDA706B48401314B082B1B20440C584DADF6F6B484093E063DEBCB2044081F692DB6E6B48408680DB25C2B20440FEB893206E6B48408E5E11DEC4B2044086A4527C6D6B484017DD5B96C5B204406D75EC086D6B48409D5026A554B20440F072BC996C6B484049DA7FE256B204400CDB75A56B6B48403854BDC8DBB10440F8E6F2176B6B4840', 1);
    INSERT INTO public.floorbound VALUES (0, '0106000020E610000001000000010300000001000000390000001C09BD47CEB00440C7C7932C7D6B4840F448734FB8B004407210F9CD786B4840221E6859BFB0044008E87EC0786B4840AB9E50B489B00440D0E5E2E46E6B484059C9CDB8C3B0044086680B626E6B4840868C49B9B7B00440F16A4BA56C6B4840DFBA0B5669B004404CF9714F6D6B48400C5CBD0E60B00440F98F65D46B6B484059C83953AFB004403D6D68396B6B4840774A8C53A7B00440FFE217B5696B4840FB6F0D425DB00440BFD46F58696B48406427DD0457B00440DE5ABE36696B4840CEBCE27F53B004404763D3E0686B4840B0A0EE5653B004408955B396686B484028EFF4B256B00440CA20B176686B4840CD5684A85BB004409BBA3449686B484084BBA80E62B0044020E82644686B4840A4D9C4028BB00440CB20B176686B484085793C4A90B0044006210599656B4840950E4B1871B00440A5B5886B656B4840EE405D4B74B0044043425766636B4840A473662B93B00440D76A2492636B48404A1F8AB092B00440240A5941646B484009C080AFA8B20440AD076CD7666B484038DD59DFFBB204407D4C062F676B48406784108EE6B5044088CD75736A6B4840C1C70765E8B5044044A278D8696B48401B954F2608B6044028491CF5696B4840859147DE10B604401B6C3D4F6A6B48402C92E49609B6044052DE20866C6B4840EF9FB89F2CB60440AB6A079C6C6B48405935BE1A29B604402BF86DDA6D6B484067971DFD0DB60440DCC9F3CC6D6B484098D270DE0CB6044040C253AB6E6B4840E44B823009B6044046C1DBBD6E6B48400368765909B6044024BFEBE26E6B4840B8EE64070DB6044044608FFF6E6B48407B94B26D0FB604400C5BAF496F6B48407B94B26D0FB6044081B42B776F6B48408AD5DB6D0BB60440FAC7F8A26F6B4840B732F99607B6044087C408C86F6B48403FE4F23A04B604401CACD3D36F6B484039E62BEBD0B40440BF6793746E6B4840330DCA7FCDB40440BB95C5CA6F6B48407ED680B8C3B40440FE9291E66F6B48408DD31529C5B404400E5E3723706B4840DC528F2DD5B404409A75B020706B4840B7CED36FDCB404406A810FBA716B48405F2B2766CEB404400A7AC1E3716B48403BE62BEBD0B404407A6A2537726B4840838C4384DDB404405759ED16726B48400175EB08E9B4044045B04ED4736B4840CA93269ABAB40440A0F05540746B48401969EE29B0B40440F31A6C68726B4840C74D79A2F1B00440F9535BE47A6B4840E0FCD1E9F9B00440164C00AF7C6B48401C09BD47CEB00440C7C7932C7D6B4840', 0);


    --
    -- TOC entry 3878 (class 0 OID 26136)
    -- Dependencies: 213
    -- Data for Name: floorwalls; Type: TABLE DATA; Schema: public; Owner: postgres
    --

    INSERT INTO public.floorwalls VALUES (2, '0105000020E610000001000000010200000003000000D57733D659B20440EFF83AA66B6B484052222D185EB20440D908CEF4696B48402FD1EFFDA3B204402B1345436A6B4840', 1);
    INSERT INTO public.floorwalls VALUES (11, '0105000020E610000001000000010200000002000000A6F95531AEB20440C1D2CF8F6B6B4840D36E10EBB1B204406C2D37526A6B4840', 1);
    INSERT INTO public.floorwalls VALUES (12, '0105000020E61000000100000001020000000200000020A7501CC0B204405A044B5F6A6B484023D1CF0D25B30440CDC762CF6A6B4840', 1);
    INSERT INTO public.floorwalls VALUES (132, '0105000020E6100000010000000102000000040000003A63CFDFD9B304403FE237466C6B484047970CE6C1B30440432CBF316C6B4840EE91BC02BEB30440A337C2366D6B484095B9CF1418B404401452F0866D6B4840', 0);
    INSERT INTO public.floorwalls VALUES (133, '0105000020E61000000100000001020000000200000044739B1A2DB30440775019E26A6B4840697F0FDA35B304402838ECE86A6B4840', 0);
    INSERT INTO public.floorwalls VALUES (134, '0105000020E610000001000000010200000002000000CCCFB04932B304403D7E37E76A6B48401333EA543CB304402BF6597A676B4840', 0);
    INSERT INTO public.floorwalls VALUES (135, '0105000020E610000001000000010200000002000000A8DF6BB53DB30440284C3FFE6A6B4840A0158C9664B30440935EF41C6B6B4840', 0);
    INSERT INTO public.floorwalls VALUES (136, '0105000020E6100000010000000102000000040000008F77F1A86DB30440D22D9A2A6B6B484016D406D872B30440A1A1032E6B6B484004370BA57CB30440010C97BE676B4840722E5F88FBB20440DFF6492F676B4840', 0);
    INSERT INTO public.floorwalls VALUES (137, '0105000020E610000001000000010200000002000000E7E0E4137CB30440885BB82F6B6B48403918D9EDA3B3044012C9A9586B6B4840', 0);
    INSERT INTO public.floorwalls VALUES (138, '0105000020E610000001000000010200000004000000F0CF2F53ADB3044033984F666B6B4840D12D197BB3B30440C07F226D6B6B48404F3B6133BDB30440F0DAEA0D686B4840C06169AF7CB30440913A04BF676B4840', 0);
    INSERT INTO public.floorwalls VALUES (139, '0105000020E610000001000000010200000002000000EFBA314739B30440805B27B7696B4840B971F1A340B3044013A50C57676B4840', 1);
    INSERT INTO public.floorwalls VALUES (140, '0105000020E610000001000000010200000002000000477C2D4D43B304401BAC7EC0696B4840A458A3F76DB30440F03E33EF696B4840', 1);
    INSERT INTO public.floorwalls VALUES (141, '0105000020E61000000100000001020000000300000059F7E53B2FB4044022159C476A6B4840DD52AB7D6BB40440BBDD96856A6B4840E6E4EB356BB40440C25A339D6A6B4840', 1);
    INSERT INTO public.floorwalls VALUES (142, '0105000020E6100000010000000102000000030000009502C7EC48B40440A54C514C6B6B484028811BC868B4044000E8D4696B6B48403B2BB22068B40440CA6F019C6B6B4840', 1);
    INSERT INTO public.floorwalls VALUES (143, '0105000020E6100000010000000102000000040000008A654D3B65B404407858E1666B6B484073AF8B1266B404405DE30B206B6B484012CB599F69B40440E2BD07216B6B484002A7D82E6AB40440D52EBEF56A6B4840', 1);
    INSERT INTO public.floorwalls VALUES (144, '0105000020E610000001000000010200000002000000BD3664055AB40440D8F40E5C6B6B4840AAC9C2B85AB40440079FF5066B6B4840', 1);
    INSERT INTO public.floorwalls VALUES (145, '0105000020E6100000010000000102000000020000008B81C0D75BB40440CA7328BE6A6B4840748E09A35CB404408C0FD5766A6B4840', 1);
    INSERT INTO public.floorwalls VALUES (146, '0105000020E61000000100000001020000000400000080A5BE1ACCB3044081058369716B4840D689C42DB8B30440E732EBF8706B48401783A051B3B304409CC08E3B706B484029895AB1B7B304402EAF6B836E6B4840', 0);
    INSERT INTO public.floorwalls VALUES (147, '0105000020E6100000010000000102000000020000000FC717CD21B404407D51F5316A6B4840AD76765D25B40440A65A00E7686B4840', 0);
    INSERT INTO public.floorwalls VALUES (148, '0105000020E61000000100000001020000000300000062495D3342B404401E006DF76E6B48405AFA8FBC46B40440DA7D0D356D6B48400C2DF9C92DB40440A2C894206D6B4840', 0);
    INSERT INTO public.floorwalls VALUES (149, '0105000020E61000000100000001020000000300000098354A4CECB404403C09A88D6E6B484007902106F0B404402A101BB56C6B48400A45D079F7B404405CF7EDBB6C6B4840', 0);
    INSERT INTO public.floorwalls VALUES (150, '0105000020E61000000100000001020000000300000051A8098501B504405039FDCC6C6B4840545DB8F808B50440E5AC66D06C6B48400258681505B504404B175DAC6E6B4840', 0);
    INSERT INTO public.floorwalls VALUES (151, '0105000020E61000000100000001020000000500000066B9F570DAB30440A4E31983716B4840B9D4BA1FEEB30440D8F9A885716B4840AF256B7128B40440F38B2703716B48400F5DBAE512B40440CC03A2836C6B4840F4CFD4B8EAB304402A98B05A6C6B4840', 0);
    INSERT INTO public.floorwalls VALUES (152, '0105000020E6100000010000000102000000020000003A8DD69BBAB304404F7597086E6B4840F291BC02BEB30440FF2033346D6B4840', 0);
    INSERT INTO public.floorwalls VALUES (983, '0105000020E6100000010000000102000000070000001BBFCB20A5B3044094506B5E706B48409ACC13D9AEB304406C88C9876C6B48405AC3FD3F2DB304408D139B1A6C6B4840161573A82AB3044083B7AD4D6D6B4840608DDD5E06B304405F0235396D6B4840E0FAA74EDAB204404FC7641A6E6B4840AEEAB7A4CEB204408B9B84B06E6B4840', 0);
    INSERT INTO public.floorwalls VALUES (845, '0105000020E610000001000000010200000006000000EB2EE554C2B204403D394A546F6B484080BF378AAFB20440A7B55C87706B48408559568DA3B204406C674187716B48402AA3D3209BB204405A3ACB5A726B4840C39D833D97B20440DD208227736B48405D8302AFC1B20440E2C853BA726B4840', 0);
    INSERT INTO public.floorwalls VALUES (13, '0105000020E6100000010000000102000000020000006EFDEBAA7DB30440004E992F6B6B48401B89E6B1BAB304408BB4616B6B6B4840', 1);
    INSERT INTO public.floorwalls VALUES (14, '0105000020E610000001000000010200000002000000CDD83BE1C1B304404E6986776B6B48408584AC5AD3B304403409358A6B6B4840', 1);
    INSERT INTO public.floorwalls VALUES (153, '0105000020E61000000100000001020000000500000054EAFA65C5B40440C34026AC6C6B4840CC8DE536C0B404402AFFDF606E6B4840CD65097BC7B50440E9BB9B816F6B48407719E4F5CDB50440D93DFF7A6D6B4840B9428135AEB50440CBD30D526D6B4840', 0);
    INSERT INTO public.floorwalls VALUES (154, '0105000020E6100000010000000102000000050000001DF9056469B20440DEC6EE4C696B4840C7DCA1FA54B20440760E7638696B4840F39DE8E355B20440BC63E050686B4840E70929A6A3B204403CBD6893686B4840FD1082C0A8B20440F60DB6D8666B4840', 0);
    INSERT INTO public.floorwalls VALUES (155, '0105000020E61000000100000001020000000500000079839EABE1B304405908E1F16A6B4840854C714716B404409318A91E6B6B484090B9CF1418B404409C69222B6A6B4840193B083FCCB30440F25BD2D8696B4840D58C7DA7C9B304406EF67ACE6A6B4840', 0);
    INSERT INTO public.floorwalls VALUES (156, '0105000020E6100000010000000102000000030000007816F6CB2CB40440A4E3C5AF6A6B4840D117CAC42DB4044086C2D34C6A6B48402DD9EA516CB4044074A341876A6B4840', 0);
    INSERT INTO public.floorwalls VALUES (157, '0105000020E61000000100000001020000000300000027895A6A7FB4044022335F946B6B48406FA2055A82B404406370ABA76A6B48407227F3B1A4B4044016F7C9C96A6B4840', 0);
    INSERT INTO public.floorwalls VALUES (158, '0105000020E61000000100000001020000000500000033690AEF2AB40440480FF5566B6B48403A6B48642CB40440AE2911AE6A6B48400693B61049B40440B20EA8C76A6B4840AE91E21748B404409EF38B706B6B484088856E583FB40440F6C56D6B6B6B4840', 0);
    INSERT INTO public.floorwalls VALUES (159, '0105000020E610000001000000010200000003000000B09281D248B40440139D294A6B6B484088BDCCAE67B40440F53C135C6B6B4840C8687A1668B40440951BE50B6B6B4840', 0);
    INSERT INTO public.floorwalls VALUES (160, '0105000020E610000001000000010200000004000000434601B38CB404405FCB98B66A6B4840C8ED676E8AB40440A31A329B6B6B4840E75FBD2A9FB404405A5D41AC6B6B4840780BA0D09FB404406BDE9A646B6B4840', 0);
    INSERT INTO public.floorwalls VALUES (161, '0105000020E610000001000000010200000002000000D1ACF191D6B40440EEE5E9A16C6B48400C0CAFB2DDB4044025CDBCA86C6B4840', 0);
    INSERT INTO public.floorwalls VALUES (162, '0105000020E61000000100000001020000000B000000E7AEFAE4B8B10440BB53D5E56F6B4840838E1A91A1B10440D180FE826E6B4840972CB57E98B10440ADEBEB4F6D6B48402F97A09898B104400059B6C36B6B4840FEF3B3DA93B20440F8F013D86C6B4840973199F891B204403142EDC36D6B4840BC6DCED37FB20440A320016B6F6B4840293DFED55CB204406F345FB9706B484025B8107E3AB20440E5DE5156716B4840EE3DC3EC1FB20440280EE98C716B4840175F6857FAB1044095769D71716B4840', 0);
    INSERT INTO public.floorwalls VALUES (163, '0105000020E610000001000000010200000007000000C964C90946B104404C4850A06B6B484003C4862A4DB104404C79AA926B6B4840C57F597A59B104409FBA92B46D6B4840FFDE169B60B10440B2D3BFAD6D6B48402A85A95D5DB1044053D1F8956C6B484077F3DB2360B1044025FF7D916A6B4840C00BC4A271B1044075B6F6A56A6B4840', 0);
    INSERT INTO public.floorwalls VALUES (164, '0105000020E61000000100000001020000000500000010F8C33035B10440919C14D06B6B48405DF51B3F33B10440C991D78B6B6B48404BB7038906B10440463A60EB6B6B484042BE8059FCB00440E7B1A9166A6B484013D3FBCF48B10440DBD39B796A6B4840', 0);
    INSERT INTO public.floorwalls VALUES (165, '0105000020E61000000100000001020000000300000028255C48B2B404404E0B705B716B4840330E48C2A1B404408FA2A4AD6E6B4840F93ECEF449B40440FC664C696F6B4840', 0);
    INSERT INTO public.floorwalls VALUES (166, '0105000020E61000000100000001020000000A00000089BBC5ABA8B204400E6B90D9666B4840F3802DBA92B004401D9F3C40646B4840B01DF4AE88B004403B922F8E696B48406E94D437DEB0044034125EFB696B4840029DDD94F3B00440F769CE846D6B4840FC3280ADE4B00440D1051AA06D6B4840E1451849F2B004407A80F3EA6F6B4840DD60A8B905B1044020E7A7CF6F6B48405B6EF0710FB104408F732440716B4840CE47FB2331B10440909114F5706B4840', 0);
    INSERT INTO public.floorwalls VALUES (167, '0105000020E6100000010000000102000000050000009F1413F1EDB30440C636BD07726B48402FF0B6B2D3B304405ED7BD41726B48404AFC2A72DCB304405436FEC4736B4840E42942AFB5B404407E8544F3716B4840DD27043AB4B40440F9D152AD716B4840', 0);
    INSERT INTO public.floorwalls VALUES (168, '0105000020E6100000010000000102000000020000008D8A2E6380B4044075CC604A716B4840D6ED676E8AB4044097A77E32716B4840', 0);
    INSERT INTO public.floorwalls VALUES (169, '0105000020E6100000010000000102000000020000008BA5BED393B40440A2829C1A716B4840E576D1B0AFB404405EDF9BE0706B4840', 0);
    INSERT INTO public.floorwalls VALUES (170, '0105000020E610000001000000010200000002000000B366E106A4B40440882E811A726B484016B78276A0B40440D2FBF780716B4840', 0);
    INSERT INTO public.floorwalls VALUES (171, '0105000020E610000001000000010200000002000000C0AD11435CB4044031A455B2726B484007410C6A4BB40440DD13C6D46F6B4840', 0);
    INSERT INTO public.floorwalls VALUES (172, '0105000020E6100000010000000102000000020000001C9455CB49B40440072DD941716B48409AA19D8353B404401F7B602D716B4840', 0);
    INSERT INTO public.floorwalls VALUES (173, '0105000020E6100000010000000102000000020000008A33C4B141B40440E76BE852716B48406A21F12CF7B30440426B17FA716B4840', 0);
    INSERT INTO public.floorwalls VALUES (174, '0105000020E6100000010000000102000000020000005536C73D06B40440D5D7936A736B4840302A537EFDB30440B89F71EC716B4840', 0);
    INSERT INTO public.floorwalls VALUES (175, '0105000020E610000001000000010200000002000000CE9A31C9DDB20440136FED22736B4840639B40AB1BB304401A9BA093726B4840', 0);
    INSERT INTO public.floorwalls VALUES (176, '0105000020E6100000010000000102000000020000002587D4160DB304408F1CF4A0756B4840FDC5B1E3FCB204404078B0DE726B4840', 0);
    INSERT INTO public.floorwalls VALUES (177, '0105000020E6100000010000000102000000020000001CA8C34C62B30440C287376B6D6B4840DB4E65F19CB30440A7F128946D6B4840', 0);
    INSERT INTO public.floorwalls VALUES (178, '0105000020E610000001000000010200000002000000FFA52A3D9EB30440B8E6D7CD706B484074C427B676B304402C222423716B4840', 0);
    INSERT INTO public.floorwalls VALUES (179, '0105000020E6100000010000000102000000020000003D8CDE08AAB00440866FA6BA746B4840298EC1E3E8B00440ABA4592B746B4840', 0);
    INSERT INTO public.floorwalls VALUES (180, '0105000020E610000001000000010200000003000000B3ED07B3A3B2044097C12D91686B4840AB7A8AA59FB2044096BDD5F1696B484093B239707FB204405B34A6CB696B4840', 0);
    INSERT INTO public.floorwalls VALUES (181, '0105000020E61000000100000001020000000200000082C6BE8AE9B10440720750BA686B48408BA4F442ECB10440CEEA9CBD676B4840', 1);
    INSERT INTO public.floorwalls VALUES (182, '0105000020E6100000010000000102000000030000005D7C0AC285B004407388948E696B48409773C9138AB0044003D2DFB6676B484090234682BFB00440CF0FF2FB676B4840', 1);
    INSERT INTO public.floorwalls VALUES (183, '0105000020E61000000100000001020000000D0000004570B1F1DBB104406AB85E186B6B4840BC6B68E25CB00440BCF58361696B48408FD4314953B00440A0D2EA19696B48409AF3900152B004409BA985B6686B4840E009AF0B55B00440E8C85767686B48407025067C5CB004409907F743686B4840001BEEA376B0044098F40559686B4840F4FB8EEB77B00440E0ED82CB676B48400ACD84006CB00440695FE0BE676B484081BB02A474B00440E777A063636B48405CB6233293B00440EF737B94636B4840A40D6B3C92B004403AACBB28646B48403DD829B793B10440AFB8575B656B4840', 1);
    INSERT INTO public.floorwalls VALUES (184, '0105000020E610000001000000010200000002000000B7228B12A7B1044001D89C74656B484008960283A9B20440B97710A8666B4840', 1);
    INSERT INTO public.floorwalls VALUES (185, '0105000020E6100000010000000102000000020000001B7E0D4FBCB2044012661FBD666B4840E8797711BEB3044095C65CEC676B4840', 1);
    INSERT INTO public.floorwalls VALUES (186, '0105000020E61000000100000001020000000E000000CF262FFCD1B30440AE6E5E04686B48409733E719E7B504409D3397796A6B4840E76864DCE8B5044045F0DCD7696B484049F3B4C606B60440832423016A6B48409BFC922DFBB5044006D050276E6B484096A0AF75F0B50440898A5D1C6E6B48401841C475EEB50440166D24B36E6B484006CCB11805B60440CEB15BC76E6B4840C51177C60CB60440B6500F096F6B4840BBF2170E0EB60440CFA79B5B6F6B484084EA73180BB6044086FF9F9B6F6B4840AF66F0F905B604408C8652CD6F6B4840F50F46A8FFB504404CCB45D86F6B484080F25CCF31B40440DC009BC56D6B4840', 1);
    INSERT INTO public.floorwalls VALUES (187, '0105000020E61000000100000001020000000A000000466974E7DBB10440F089CA186B6B48409ADF1AAAD9B10440FEB26F106C6B4840D9CA79D59DB10440C8DD27CF6B6B48400406CDB69CB10440F9179AF26C6B48402900F7979FB10440095E21C06D6B484097103F83A5B1044034FA14966E6B484017DDF2DEB0B10440D4329C636F6B4840CFA0658CC0B10440B408B728706B484096C460F2CAB10440A8458674706B4840CCD234FBEDB104405F14B2526E6B4840', 1);
    INSERT INTO public.floorwalls VALUES (188, '0105000020E61000000100000001020000000200000098DF1AAAD9B10440C0B2CD0B6C6B4840BC57F28AE4B10440E627F71A6C6B4840', 1);
    INSERT INTO public.floorwalls VALUES (15, '0105000020E61000000100000001020000000200000086D39D8CC0B304401BEA1A436D6B48408781ABB1C5B30440AFEF427B6B6B4840', 1);
    INSERT INTO public.floorwalls VALUES (16, '0105000020E610000001000000010200000002000000855B33EDD5B30440D351645B6D6B4840A070AB3FDBB3044058F4BE906B6B4840', 1);
    INSERT INTO public.floorwalls VALUES (17, '0105000020E61000000100000001020000000300000012177E64EBB30440EB97BE726D6B4840BB5FABCDF0B304401C3C19A86B6B484056978701E5B3044009A9E39C6B6B4840', 1);
    INSERT INTO public.floorwalls VALUES (18, '0105000020E61000000100000001020000000200000043E85368F9B30440D14892AF6B6B484069B5024F13B40440907B76CD6B6B4840', 1);
    INSERT INTO public.floorwalls VALUES (19, '0105000020E610000001000000010200000002000000846B5EAE00B40440F820F78B6D6B4840491BF64406B40440366284BE6B6B4840', 1);
    INSERT INTO public.floorwalls VALUES (406, '0105000020E610000001000000010200000005000000292499D53BBC04402E01F8A7546B4840CAC342AD69BE04402B14E97E4E6B4840FEBAD39D27BE0440EF906280446B4840575EF23FF9BB0440B08EE3874A6B4840349E08E23CBC04402E01F8A7546B4840', 802);
    INSERT INTO public.floorwalls VALUES (407, '0105000020E6100000010000000102000000040000008FA850DD5CBC0440C93B8732546B4840787AA52C43BC0440D1949D7E506B48409A9658198DBC0440A80183A44F6B4840BC3E73D6A7BC0440111C9771536B4840', 802);
    INSERT INTO public.floorwalls VALUES (408, '0105000020E610000001000000010200000008000000B2683A3B19BC04408DB800344A6B4840FB3BDBA337BC044079B130444E6B48400664AF777FBC0440209A79724D6B4840723106D671BC0440EB8CEF8B4B6B48404AEEB089CCBC04400F971C774A6B4840E99AC937DBBC0440E59B6D6E4C6B4840E2218C9FC6BD0440E603029D496B4840CBF3E0EEACBD04407DE9EDCF456B4840', 802);
    INSERT INTO public.floorwalls VALUES (409, '0105000020E6100000010000000102000000050000009E45EF54C0BD04408FA50F5D506B4840A911FA997ABD0440B22AC24D466B48404BE48233F8BB04405186AA984A6B48402FE1D05B3CBC0440FE7C5BB0546B4840B439CE6DC2BD04408FA50F5D506B4840', 803);
    INSERT INTO public.floorwalls VALUES (410, '0105000020E61000000100000001020000000300000082E673EE76BD0440E8BCC62E516B4840494A7A185ABD04407FA2B2614D6B4840871744A4A6BD044014200A664C6B4840', 803);
    INSERT INTO public.floorwalls VALUES (411, '0105000020E610000001000000010200000003000000D1764CDD95BD0440BC3C9D2B4A6B4840E99AC937DBBC044044A4A65D4C6B48409A0AF148BCBC0440F9A23D5E486B4840', 803);
    INSERT INTO public.floorwalls VALUES (903, '0105000020E61000000100000001020000000200000007D985ABADB404403B8A924D6E6B4840FF89B834B2B40440CA1460846C6B4840', 1);
    INSERT INTO public.floorwalls VALUES (1111, '0105000020E610000001000000010200000002000000D8AD05918EB40440BAD1A45B6A6B4840D05E381A93B40440C46BBEE7686B4840', 1);
    INSERT INTO public.floorwalls VALUES (2222, '0105000020E61000000100000001020000000200000020113F9C98B4044090B977626A6B4840F2853C4AAFB40440EEE4597A6A6B4840', 1);
    INSERT INTO public.floorwalls VALUES (4321, '0105000020E61000000100000001020000000200000051212F46A4B404404D15B46C6A6B484048D261CFA8B40440A40C0A03696B4840', 1);
    INSERT INTO public.floorwalls VALUES (334, '0105000020E610000001000000010200000002000000003F67A8B9B4044086B4FF876A6B4840BF458B84BEB404405039EC1A696B4840', 1);
    INSERT INTO public.floorwalls VALUES (345, '0105000020E6100000010000000102000000050000000BEEB6567FB4044055174E8B6B6B48408646509B81B40440BFDFE19F6A6B4840C5AFE86BCDB4044040302EF56A6B484082015ED4CAB404406BD803E46B6B4840A488E43BB1B40440F3C64EC56B6B4840', 1);
    INSERT INTO public.floorwalls VALUES (5743, '0105000020E610000001000000010200000003000000F71F5B4DA3B404408E10D6B06B6B4840055498538BB404405BE6F3986B6B48401158143E8EB4044044AF87AD6A6B4840', 1);
    INSERT INTO public.floorwalls VALUES (453, '0105000020E6100000010000000102000000020000008D05DABECDB4044040302EF56A6B484037B9B439D4B40440E665CE32696B4840', 1);
    INSERT INTO public.floorwalls VALUES (666, '0105000020E6100000010000000102000000030000009EEEC538BDB404406A88C9876C6B4840CFFEB5E2C8B4044083CAD8986C6B4840A1A374ACC4B404403B25DE686E6B4840', 1);
    INSERT INTO public.floorwalls VALUES (243, '0105000020E61000000100000001020000000400000009C69275DDB40440C36B12BB6B6B48406BE672C9F4B40440D895F4D26B6B4840A2908176F4B404400B764FFF6B6B4840A013315915B504408D139B1A6C6B4840', 1);
    INSERT INTO public.floorwalls VALUES (995, '0105000020E6100000010000000102000000050000000A83DE2328B5044064FF2999696B48403F783E5D20B50440463D7D326C6B48406EA3BE773FB50440843505586C6B4840FF4EA11D40B50440956ED7246C6B4840E5AEC8BA47B504409BC9132F6C6B4840', 1);
    INSERT INTO public.floorwalls VALUES (3343, '0105000020E61000000100000001020000000300000080A1DB9C00B50440900CE8A96C6B48407A377EB5F1B40440203E429C6C6B48404DDC3C7FEDB404403174A2986E6B4840', 1);
    INSERT INTO public.floorwalls VALUES (893, '0105000020E61000000100000001020000000400000065B473380EB50440C3F3BAB06C6B484084F607D93DB5044095B9E8E36C6B48400EA0AC093DB5044089F27F1A6D6B4840A1003E2345B50440A0D952216D6B4840', 1);
    INSERT INTO public.floorwalls VALUES (432, '0105000020E610000001000000010200000003000000556B058754B50440977F8C436C6B48404ED1E68360B50440364E32516C6B4840E231789D68B5044073F739E4696B4840', 1);
    INSERT INTO public.floorwalls VALUES (1232, '0105000020E610000001000000010200000002000000D3102ECD50B504404F1B62326D6B4840A5852B7B67B5044078D0DA466D6B4840', 1);
    INSERT INTO public.floorwalls VALUES (987, '0105000020E610000001000000010200000002000000327C5FAD60B50440DFC19B546C6B48407ADF98B86AB50440D01CD85E6C6B4840', 1);
    INSERT INTO public.floorwalls VALUES (876, '0105000020E610000001000000010200000002000000CD760FCA5CB50440E6759E3C6D6B4840F81CA28C59B504401CC029846E6B4840', 1);
    INSERT INTO public.floorwalls VALUES (985, '0105000020E610000001000000010200000004000000348C9922E7B504400871F0766A6B4840B93300DEE4B5044071B0D43C6B6B4840C81CEC57D4B504406C6DC52B6B6B4840D16BB9CECFB5044070D215DD6C6B4840', 1);
    INSERT INTO public.floorwalls VALUES (342, '0105000020E6100000010000000102000000050000008B0880C3C5B50440F01C9DC86C6B4840B2F96312BBB504402AC260BE6C6B4840EBA372BFBAB50440BBA0BBEA6C6B4840EAD333DB9FB50440869006CC6C6B484010E0A79AA8B50440A3EE492F6A6B4840', 1);
    INSERT INTO public.floorwalls VALUES (464, '0105000020E61000000100000001020000000300000076B53662C7B5044083C61D956F6B4840FD114C91CCB50440868118C56D6B48401CB46269C6B504409D9A45BE6D6B4840', 1);
    INSERT INTO public.floorwalls VALUES (13892, '0105000020E610000001000000010200000005000000BFFDDFFCBDB50440B1B372B76D6B4840DF9FF6D4B7B50440C4CC9FB06D6B4840704BD97AB8B504409608727D6D6B4840A725A9439DB5044015F9BC5E6D6B4840E81E856798B50440F792865E6F6B4840', 1);
    INSERT INTO public.floorwalls VALUES (784, '0105000020E6100000010000000102000000040000006941FECA73B504400F12EA576D6B484020F954307DB50440976C26626D6B4840B1A437D67DB50440501B62326D6B4840707B9A969DB504409385535B6D6B4840', 1);
    INSERT INTO public.floorwalls VALUES (999, '0105000020E610000001000000010200000004000000CD7EAC04A0B50440889006CC6C6B4840465258F17FB50440F7987EA66C6B4840D6FD3A9780B504404C46BA766C6B4840FFEE1EE675B50440BF7714696C6B4840', 1);
    INSERT INTO public.floorwalls VALUES (3989310, '0105000020E610000001000000010200000002000000BE601BF5D1B40440192903AA6B6B4840DE0232CDCBB404409C4130A36B6B4840', 1);
    INSERT INTO public.floorwalls VALUES (20, '0105000020E610000001000000010200000004000000CBA4F9BCD0B404405DB358756E6B4840F74A8C7FCDB4044055BA89CA6F6B4840793D44C7C3B40440B553D5E56F6B4840F74A8C7FCDB404401A57ADBC716B4840', 0);
    INSERT INTO public.floorwalls VALUES (21, '0105000020E610000001000000010200000002000000D9EEE2B9D2B30440B684FEE1736B4840E7A70D18DDB30440AFEFB2C6736B4840', 0);
    INSERT INTO public.floorwalls VALUES (22, '0105000020E6100000010000000102000000060000004024F4B8BBB30440D43B2C15746B4840C011C886B8B204402E1F0560766B4840645B451AB0B204400BA82EFD746B4840369047375BB20440BE5DB8D0756B48404F983F0C61B204402830D9DA766B484028D71CD950B20440026F9D0A776B4840', 0);
    INSERT INTO public.floorwalls VALUES (23, '0105000020E610000001000000010200000003000000625B451AB0B204409535C5F9746B4840CFFAB300A8B204404AC51B90736B48401F7DF966C8B20440A0CFDE4B736B4840', 0);
    INSERT INTO public.floorwalls VALUES (24, '0105000020E61000000100000001020000000200000049F3CA0DE0B204402FF65C6A756B48408737F8BDD3B20440ACACFC33736B4840', 0);
    INSERT INTO public.floorwalls VALUES (25, '0105000020E6100000010000000102000000030000008602406CA3B304402ED4CBDE716B48400BAAA627A1B30440B81D6167716B484012A447625FB304402ADE80FD716B4840', 0);
    INSERT INTO public.floorwalls VALUES (26, '0105000020E610000001000000010200000002000000CC400E5755B3044046026315726B48404E6387BA30B30440136E095D726B4840', 0);
    INSERT INTO public.floorwalls VALUES (27, '0105000020E61000000100000001020000000200000076546B0926B3044044EA277F726B484038103E5932B3044040D11EB2746B4840', 0);
    INSERT INTO public.floorwalls VALUES (28, '0105000020E610000001000000010200000002000000FF50FE0061B304403B14E3E1746B484046E4F82750B30440DE5A9F1F726B4840', 0);
    INSERT INTO public.floorwalls VALUES (29, '0105000020E6100000010000000102000000020000008FA2D0F02AB204401423805C776B4840C61C1E8245B20440201C161F776B4840', 0);
    INSERT INTO public.floorwalls VALUES (30, '0105000020E6100000010000000102000000020000008F0AF06238B20440B5C043776C6B48405EF2627EE9B104400D2DD941716B4840', 0);
    INSERT INTO public.floorwalls VALUES (31, '0105000020E61000000100000001020000000200000084C678E7C9B10440FD2FE687706B48408FD2910C10B20440DBB3CA456C6B4840', 0);
    INSERT INTO public.floorwalls VALUES (32, '0105000020E610000001000000010200000002000000986F69D04DB104401C4D99F86F6B484022516C5775B104406A336CFF6F6B4840', 0);
    INSERT INTO public.floorwalls VALUES (33, '0105000020E6100000010000000102000000020000008776CD8175B3044041AE77406A6B4840CD2979FB7BB3044043D2F52C686B4840', 1);
    INSERT INTO public.floorwalls VALUES (34, '0105000020E6100000010000000102000000020000005CD8995A74B304402C3EAB926A6B4840FD71E4EDB4B30440FF17BAD86A6B4840', 1);
    INSERT INTO public.floorwalls VALUES (35, '0105000020E610000001000000010200000002000000F54143BAB5B30440A9382F7D6A6B4840D12FCC10BEB3044055BB81EC676B4840', 1);
    INSERT INTO public.floorwalls VALUES (36, '0105000020E610000001000000010200000003000000B2052D2FDAB304403E5B98DA6A6B48407626079FC8B30440D5BAE9C76A6B4840F17E0E06D2B304408006DC03686B4840', 1);
    INSERT INTO public.floorwalls VALUES (37, '0105000020E6100000010000000102000000040000002238BCD1F3B304405C6D8DF76A6B48402753367614B4044067272E196B6B4840CEC4DC4C17B40440E2213F276A6B4840526682D0CBB30440E8D3E9D6696B4840', 1);
    INSERT INTO public.floorwalls VALUES (38, '0105000020E610000001000000010200000002000000358ED5C9E2B30440BD9679EA6A6B4840BA68703FE6B3044034E7DEF3696B4840', 1);
    INSERT INTO public.floorwalls VALUES (39, '0105000020E610000001000000010200000002000000387A83EBC3B30440B63B3C28696B4840903B7FF1CDB3044034AE8232696B4840', 1);
    INSERT INTO public.floorwalls VALUES (40, '0105000020E6100000010000000102000000020000006AC0033116B40440F0A92FA56D6B4840803DABE91BB40440AA6600D46B6B4840', 1);
    INSERT INTO public.floorwalls VALUES (41, '0105000020E610000001000000010200000002000000F6D000E1CCB30440DBFF3688696B48402B227F46EEB30440D2BBD7A9696B4840', 1);
    INSERT INTO public.floorwalls VALUES (42, '0105000020E61000000100000001020000000200000072ACB152F7B3044088F659B4696B48408E0D1272FCB304409A92D535686B4840', 1);
    INSERT INTO public.floorwalls VALUES (43, '0105000020E610000001000000010200000002000000F7D000E1CCB3044057E80284696B484085875F02EEB30440530971A8696B4840', 1);
    INSERT INTO public.floorwalls VALUES (44, '0105000020E610000001000000010200000002000000C679C174F7B3044086F659B4696B48402C490FF6FCB30440E1EB8836686B4840', 1);
    INSERT INTO public.floorwalls VALUES (45, '0105000020E610000001000000010200000004000000D31319B80BB10440BF7DBE31786B48407218A4844CB10440B7C671A2776B4840956F69D04DB10440B70B552E786B4840E451316E38B104403C8E8583796B4840', 0);
    INSERT INTO public.floorwalls VALUES (46, '0105000020E610000001000000010200000004000000F58F492465B10440C25E58586E6B4840E4F1AE366EB104405F1AC57D6F6B48400BB3D1697EB10440CC94D7B0706B484008CE61DA91B104408F3A0792716B4840', 0);
    INSERT INTO public.floorwalls VALUES (47, '0105000020E61000000100000001020000000600000086DBA9929BB104404BE6BCEA716B48401EF1E91FABB104406AD83673726B48402A85A95D5DB104400963611D776B48401EB1EE8E3FB1044065A1254D776B48400EBCE9EF09B10440EB1F63CB776B484032F81ECBF7B00440D3892C32746B4840', 0);
    INSERT INTO public.floorwalls VALUES (48, '0105000020E6100000010000000102000000060000003DE10A45E7B00440902E49A6736B484076086A0FC6B0044024D2C15B6E6B4840CDB411CC89B00440A7D73BE46E6B484089A604FDBCB004401482286F786B484075A8E7D7FBB0044092B0AEE6776B484035923DCEEBB00440E368F19B746B4840', 0);
    INSERT INTO public.floorwalls VALUES (49, '0105000020E6100000010000000102000000070000000594C50E68B1044043C002FC6F6B48400594C50E68B10440EDCAF45E706B4840830190FE3BB10440CC94D7B0706B48405B10ACAF46B10440F57FFA68726B484061AACAB23AB1044015FC188B726B4840FC0C9A4144B104404339A546746B4840D34B770E34B10440DAB2C368746B4840', 0);
    INSERT INTO public.floorwalls VALUES (50, '0105000020E6100000010000000102000000060000006E31F67F5EB10440A8D4A580746B48405E78CB2154B10440F04DC4A2746B4840082CA69C5AB104404789D6D5756B4840F3A89B1F77B10440967E6C98756B4840DAA0A34A71B104404C405A65746B48400F96038469B1044093EFD279746B4840', 0);
    INSERT INTO public.floorwalls VALUES (51, '0105000020E6100000010000000102000000020000005FB3E238C6B00440C25E58586E6B484040E10A45E7B00440A200DF096E6B4840', 0);
    INSERT INTO public.floorwalls VALUES (52, '0105000020E610000001000000010200000003000000CAE8554492B004403121E229646B4840335FC86F8EB004401AE749F7656B4840AAFF3E998EB10440FB86E93D676B4840', 1);
    INSERT INTO public.floorwalls VALUES (53, '0105000020E61000000100000001020000000200000004796AC073B40440193F2D0D6F6B4840A692263886B404407327BE5E726B4840', 0);
    INSERT INTO public.floorwalls VALUES (54, '0105000020E6100000010000000102000000030000004DFA8AB688B104408FE71164686B4840FB39DAB38BB1044072770567686B48401BAF89D493B104406931E159656B4840', 1);
    INSERT INTO public.floorwalls VALUES (55, '0105000020E610000001000000010200000003000000286F69A3B8B10440B6D6BA78686B4840DB3F07829FB10440E537375B686B48400E5F4DFBA6B104400C8E7972656B4840', 1);
    INSERT INTO public.floorwalls VALUES (56, '0105000020E6100000010000000102000000020000009982558098B10440992203C76A6B48401856212C9DB10440CEEE4C0C696B4840', 1);
    INSERT INTO public.floorwalls VALUES (57, '0105000020E6100000010000000102000000020000001FBCA67BAFB10440A14D021E696B484085A2BC9CE3B104400E5EE860696B4840', 1);
    INSERT INTO public.floorwalls VALUES (58, '0105000020E6100000010000000102000000020000002618E5A8F9B104408D722A376B6B48409BD35AB4FEB104402C1B5384696B4840', 1);
    INSERT INTO public.floorwalls VALUES (59, '0105000020E6100000010000000102000000020000004097359E04B10440535725216A6B4840B4D7C1E507B10440F1DCEA56686B4840', 1);
    INSERT INTO public.floorwalls VALUES (61, '0105000020E6100000010000000102000000020000006F66BDDE23B30440AD22FBDC6A6B4840F0883642FFB20440159CDCBA6A6B4840', 0);
    INSERT INTO public.floorwalls VALUES (62, '0105000020E610000001000000010200000003000000E4831B9DFBB20440C9996F2E676B48406577729FF2B2044012FD909F6A6B48400327D12FF6B20440D7E463A66A6B4840', 0);
    INSERT INTO public.floorwalls VALUES (63, '0105000020E610000001000000010200000002000000B7045651A0B504406A1744946C6B4840230CE4A9A5B504408940A0B06A6B4840', 0);
    INSERT INTO public.floorwalls VALUES (64, '0105000020E610000001000000010200000002000000BBB1D55208B50440A00C42E66B6B4840B3595E1E25B50440F01DF7046C6B4840', 0);
    INSERT INTO public.floorwalls VALUES (65, '0105000020E61000000100000001020000000400000098FD6EAEFBB00440FA0D0A4D786B4840FC7DD139DDB00440ECBDEC9E786B4840E9DF364CE6B00440723A87317A6B4840821AE2F94DB10440FBC52A57796B4840', 0);
    INSERT INTO public.floorwalls VALUES (66, '0105000020E610000001000000010200000003000000B135289FE6B00440713A87317A6B48404B6099D7C7B0044096AB5A727A6B48403CA76E79BDB004401210BF6B786B4840', 0);
    INSERT INTO public.floorwalls VALUES (67, '0105000020E61000000100000001020000000600000017E0D9C419B20440A8C3BC83776B48401D7AF8C70DB20440BAC671A2776B4840891967AE05B20440B713C972766B484058C97B738EB1044061703598776B48401800616B78B10440F388FCE9786B484043D6B4495AB104401B530C35796B4840', 0);
    INSERT INTO public.floorwalls VALUES (68, '0105000020E6100000010000000102000000020000001FEE24E76CB30440584AF5E16C6B4840AECFE72272B304404734A7206B6B4840', 1);
    INSERT INTO public.floorwalls VALUES (69, '0105000020E61000000100000001020000000200000049ED6F262CB304408491FDD46A6B484013523DA838B304409D1A78E36A6B4840', 1);
    INSERT INTO public.floorwalls VALUES (70, '0105000020E610000001000000010200000002000000BC9041A22EB30440ADA1DC1C6C6B48407739B17232B30440DB7C87DB6A6B4840', 1);
    INSERT INTO public.floorwalls VALUES (71, '0105000020E6100000010000000102000000020000000F46977DB4B2044024D66C6C696B48409CFEE04BBCB204405F5B2FB9666B4840', 1);
    INSERT INTO public.floorwalls VALUES (72, '0105000020E610000001000000010200000002000000C11058F5B3B204406CEF5CC2696B4840F80DF9D2F3B204407830390B6A6B4840', 1);
    INSERT INTO public.floorwalls VALUES (73, '0105000020E610000001000000010200000002000000CB464C3EF5B20440DF0AD0AD696B48402231C1B1FCB20440D46FA607676B4840', 1);
    INSERT INTO public.floorwalls VALUES (74, '0105000020E610000001000000010200000002000000AF3BFD5AFFB20440336AA277696B48407F92CB132FB30440DF0AD0AD696B4840', 1);
    INSERT INTO public.floorwalls VALUES (75, '0105000020E61000000100000001020000000200000035C16E3C65B30440F14F8CCF6C6B48401F6E25DB66B30440173F12476C6B4840', 0);
    INSERT INTO public.floorwalls VALUES (76, '0105000020E610000001000000010200000003000000D9857DF344B50440D3453B266C6B4840AC595E1E25B50440EB1DF7046C6B4840C962F5AD2BB50440D8D5EFA3696B4840', 0);
    INSERT INTO public.floorwalls VALUES (77, '0105000020E6100000010000000102000000020000001A9AE98753B504409A12433D6C6B4840E9C1573470B5044006F6D9566C6B4840', 0);
    INSERT INTO public.floorwalls VALUES (78, '0105000020E610000001000000010200000002000000F8AA43AE5FB50440946D7F476C6B484067B370C165B50440371E10576A6B4840', 0);
    INSERT INTO public.floorwalls VALUES (79, '0105000020E610000001000000010200000004000000C132360DC1B204405F5BBBB8726B4840692EA95376B304403BAD6B24716B4840131245EA61B3044002137F6C6D6B4840D5C57AFF2AB3044024D6AB486D6B4840', 0);
    INSERT INTO public.floorwalls VALUES (80, '0105000020E6100000010000000102000000020000007CD5594C7EB5044057D970706C6B4840C2240167B7B50440E327F9B26C6B4840', 0);
    INSERT INTO public.floorwalls VALUES (81, '0105000020E6100000010000000102000000030000009BA79F0801B50440EE2E52CA696B48402D9F72F5FAB40440EA83E7D66B6B4840C197E49CF5B404408D3F3ACF6B6B4840', 0);
    INSERT INTO public.floorwalls VALUES (82, '0105000020E6100000010000000102000000030000008F865538E9B40440662B98BE6B6B4840BE5D48D1CBB404402E5E90A76B6B4840866749DDD2B40440E9822E37696B4840', 0);
    INSERT INTO public.floorwalls VALUES (83, '0105000020E61000000100000001020000000500000036FDEDE2CDB30440A1DC905D696B4840EA01D449D1B3044048AC2E12686B484032662B8BE6B50440841A36736A6B4840BE5BC002DFB504405F04B6E86C6B48405539A239C6B50440D70A90CC6C6B4840', 0);
    INSERT INTO public.floorwalls VALUES (84, '0105000020E6100000010000000102000000020000009693E9A877B404400773E7946A6B4840FC98398C7BB4044029991F43696B4840', 0);
    INSERT INTO public.floorwalls VALUES (85, '0105000020E610000001000000010200000002000000658B9639AFB40440960CBBD56A6B4840CC602501CEB4044070F151EF6A6B4840', 0);
    INSERT INTO public.floorwalls VALUES (86, '0105000020E6100000010000000102000000030000004474CC7E19B504408A5AA2A06C6B484059D74F559EB504407B691C296D6B484061261DCC99B504403C9EB7BB6E6B4840', 0);
    INSERT INTO public.floorwalls VALUES (87, '0105000020E6100000010000000102000000040000001424E143A2B4044075E3C41E6E6B4840B1D33FD4A5B40440CBEE75E16C6B4840119FF3EB7FB404408CDEC0C26C6B484021F0FED77CB40440BEE1C5756E6B4840', 0);
    INSERT INTO public.floorwalls VALUES (88, '0105000020E610000001000000010200000007000000C5D15CF966B404405173CF996C6B48408253937D49B40440FB49ED816C6B4840B9FDA12A49B404405DF7EDBB6C6B4840507364EF22B404408A5AA2A06C6B4840F77190F621B4044022CDD00D6D6B4840072BBB542CB40440D9ADA91E6F6B4840B1DE95CF32B4044007546D146F6B4840', 0);
    INSERT INTO public.floorwalls VALUES (89, '0105000020E610000001000000010200000002000000E1EE85793EB4044057A0F4FF6E6B48405DB7DB6A91B40440364CB6476E6B4840', 0);
    INSERT INTO public.floorwalls VALUES (90, '0105000020E610000001000000010200000003000000C675218A80B1044090E1D8BD6A6B4840DC98A9CF99B10440960CBBD56A6B484006A75B04A4B104408C80E974666B4840', 0);
    INSERT INTO public.floorwalls VALUES (91, '0105000020E61000000100000001020000000200000053A4B312A2B104403B99CE74676B4840930D4CE3EDB10440A7AECFCB676B4840', 0);
    INSERT INTO public.floorwalls VALUES (92, '0105000020E610000001000000010200000002000000B69F66DFF1B2044052E656976A6B484042250ED1ECB204405DB64D4F6C6B4840', 1);
    INSERT INTO public.floorwalls VALUES (93, '0105000020E6100000010000000102000000020000008F28DC5301B2044060F3A2EF676B4840977F460540B20440E24D2B32686B4840', 0);
    INSERT INTO public.floorwalls VALUES (94, '0105000020E610000001000000010200000002000000D5AFE1C462B204402DA98D58686B484093B605A167B20440383B6289666B4840', 0);
    INSERT INTO public.floorwalls VALUES (95, '0105000020E6100000010000000102000000040000001321E05DAFB40440E1D7228A6B6B48404BCBEE0AAFB40440C613BAC06B6B4840A49C01E8CAB404401FCA32D56B6B4840FE9DD5E0CBB4044025335F946B6B4840', 0);
    INSERT INTO public.floorwalls VALUES (96, '0105000020E6100000010000000102000000050000007E8B58D3FFB10440BA85F9C4686B4840EA2F6A1521B20440BF884FED686B4840CCE7673422B204402B5F666E686B48404556A06730B20440CDE31F7F686B48402B1AC95631B20440AC87F80E686B4840', 1);
    INSERT INTO public.floorwalls VALUES (97, '0105000020E6100000010000000102000000020000006FC03F0BF7B1044006290ACE676B4840DCE9745EFCB1044088A250D7656B4840', 1);
    INSERT INTO public.floorwalls VALUES (98, '0105000020E610000001000000010200000002000000821BB5DDC7B10440B2590F90676B48402F5B04DBCAB10440E432993F666B4840', 1);
    INSERT INTO public.floorwalls VALUES (99, '0105000020E610000001000000010200000002000000DA1CA1645EB1044080D001C3686B48408F3D52A08FB1044042C20000696B4840', 1);
    INSERT INTO public.floorwalls VALUES (100, '0105000020E610000001000000010200000002000000B478605615B10440693F7F68686B4840B621DC5B56B104405C462BB9686B4840', 1);
    INSERT INTO public.floorwalls VALUES (101, '0105000020E61000000100000001020000000200000094D3BD7C3FB30440BF9679EA6A6B484009E3D50377B3044053DC52256B6B4840', 1);
    INSERT INTO public.floorwalls VALUES (102, '0105000020E610000001000000010200000002000000FB6B23E700B40440274F95BC696B48400F57AE562FB40440DEC1B9EF696B4840', 1);
    INSERT INTO public.floorwalls VALUES (103, '0105000020E610000001000000010200000002000000004B459922B404400DC9B6E1696B48406BC59DA727B404401932CD68686B4840', 1);
    INSERT INTO public.floorwalls VALUES (104, '0105000020E610000001000000010200000002000000EE558CC038B40440EEAEA2FB696B4840FE1E1C463EB404400FCC1F84686B4840', 1);
    INSERT INTO public.floorwalls VALUES (105, '0105000020E61000000100000001020000000200000074C9158842B40440F89B8B076A6B4840A971CB9D59B404403CCF10206A6B4840', 1);
    INSERT INTO public.floorwalls VALUES (106, '0105000020E6100000010000000102000000020000003DF654D74DB40440FE8874136A6B4840ABBC95B252B4044085A7F19B686B4840', 1);
    INSERT INTO public.floorwalls VALUES (107, '0105000020E61000000100000001020000000200000042741B6416B404407B7A4FA46D6B4840FC23B3FA1BB40440E79BEDD56B6B4840', 1);
    INSERT INTO public.floorwalls VALUES (108, '0105000020E610000001000000010200000003000000DFFE58EE32B404403B2BE3C46D6B48409AD4646B38B40440744367F46B6B48405715FA7652B4044016E5D3116C6B4840', 1);
    INSERT INTO public.floorwalls VALUES (109, '0105000020E6100000010000000102000000030000001FB377C156B40440328C65EE6D6B4840D816278B5CB404406DA7E91D6C6B484036CA2B8469B4044066F2922B6C6B4840', 1);
    INSERT INTO public.floorwalls VALUES (110, '0105000020E61000000100000001020000000200000014A2774F6CB40440C2149E076E6B4840CC2B9BFF71B40440D23122376C6B4840', 1);
    INSERT INTO public.floorwalls VALUES (111, '0105000020E610000001000000010200000002000000230C40837BB404407D5BAD3D6C6B48406802CA948BB40440079F0A506C6B4840', 1);
    INSERT INTO public.floorwalls VALUES (112, '0105000020E610000001000000010200000002000000D0D8C19D81B404402590151F6E6B484088BD995887B4044021351B4C6C6B4840', 1);
    INSERT INTO public.floorwalls VALUES (113, '0105000020E610000001000000010200000002000000E4569D8D93B40440DAA499566C6B48407BB46FF9A9B4044016BCD5706C6B4840', 1);
    INSERT INTO public.floorwalls VALUES (114, '0105000020E6100000010000000102000000020000002B195D2A97B4044083A551396E6B484090B051C59CB40440901418616C6B4840', 1);
    INSERT INTO public.floorwalls VALUES (115, '0105000020E610000001000000010200000002000000CB017DCD62B404404240922B6A6B48403BB1C70868B4044095EEBDB4686B4840', 1);
    INSERT INTO public.floorwalls VALUES (116, '0105000020E610000001000000010200000002000000B9FE7DCC6CB40440B81471336A6B484029820D9F84B404402647054D6A6B4840', 1);
    INSERT INTO public.floorwalls VALUES (117, '0105000020E61000000100000001020000000200000065E5642179B40440F32D3B406A6B4840E73E46B57DB4044027FD4DCF686B4840', 1);
    INSERT INTO public.floorwalls VALUES (118, '0105000020E610000001000000010200000002000000BE15DECEA4B204409644381E686B48403DE9A97AA9B20440B68E78A2666B4840', 1);
    INSERT INTO public.floorwalls VALUES (119, '0105000020E610000001000000010200000002000000AB6B4776A5B20440196B03EE676B4840AF1E0A9EAEB204408DF5D9F7676B4840', 1);
    INSERT INTO public.floorwalls VALUES (120, '0105000020E6100000010000000102000000060000000AF61E6A8FB20440624C9175696B4840291266E2A0B2044093405783696B4840EAFB4B38A3B20440EE0A4F92686B48401C24E7FC56B20440F498B33D686B48404A906A4E55B20440FB86B330696B4840CFEA3DB975B20440394A3B4D696B4840', 1);
    INSERT INTO public.floorwalls VALUES (121, '0105000020E6100000010000000102000000020000009D7DC8905BB20440D0F02042686B4840368D6B4D5FB204408DD8C7EA666B4840', 1);
    INSERT INTO public.floorwalls VALUES (122, '0105000020E610000001000000010200000002000000289EFA90F9B10440523AA4386B6B48409BD35AB4FEB104400AE3CC85696B4840', 1);
    INSERT INTO public.floorwalls VALUES (123, '0105000020E61000000100000001020000000200000014A450DBAFB104401B356325696B48408EBA123DE3B1044085005E63696B4840', 1);
    INSERT INTO public.floorwalls VALUES (124, '0105000020E61000000100000001020000000200000091762AB098B10440759F74CA6A6B484019DC36149DB104408146BA10696B4840', 1);
    INSERT INTO public.floorwalls VALUES (125, '0105000020E6100000010000000102000000020000001756212C9DB1044022EFE65C676B4840936DD564ECB10440EEA350BD676B4840', 1);
    INSERT INTO public.floorwalls VALUES (126, '0105000020E61000000100000001020000000200000052A5EA6901B20440D368D8D9676B48402FA1D0154DB204407C01782D686B4840', 1);
    INSERT INTO public.floorwalls VALUES (127, '0105000020E61000000100000001020000000200000080F576D9F5B00440E700A4D2736B4840C01E1419D6B004404F50A3396E6B4840', 0);
    INSERT INTO public.floorwalls VALUES (128, '0105000020E6100000010000000102000000020000000F81D2D897B10440F20B678E736B4840E81F32DD51B10440AAA4592B746B4840', 0);
    INSERT INTO public.floorwalls VALUES (129, '0105000020E6100000010000000102000000020000007ABD920246B1044046C2CAFF696B484018D9608F49B10440809C6DA9686B4840', 1);
    INSERT INTO public.floorwalls VALUES (130, '0105000020E610000001000000010200000002000000B65D81A2A7B30440DD4B19A8726B48406C15D807B1B30440F55D0E2D746B4840', 0);
    INSERT INTO public.floorwalls VALUES (131, '0105000020E610000001000000010200000006000000BD612D972BB40440E55EFE5F6B6B48409401D5152DB404403D9901A96A6B48407334AF234AB40440AFBE5BD06A6B4840A426485D48B40440A61F867C6B6B48405ED755A341B404408FE1B7706B6B48402DE5BC6943B40440583585C66A6B4840', 1);
    INSERT INTO public.floorwalls VALUES (189, '0105000020E610000001000000010200000003000000E8ADFF23F2B1044049A2F00B6E6B4840353BBB9D0EB204407E2A8F526C6B4840AB7517D2F1B10440D1287F2D6C6B4840', 1);
    INSERT INTO public.floorwalls VALUES (190, '0105000020E6100000010000000102000000120000005DCC939221B40440C78CCFB16D6B48403CD342D856B204408A090AA56B6B48408E49E99A54B2044070A150996C6B4840E00C19848EB204405BBAA5D76C6B4840F54AD7F48BB20440E2E9F7B06D6B4840883A8F0986B20440E4CD8A636E6B48403168058F7DB2044000C5520A6F6B4840564775B871B20440B72A44C06F6B48409164A35263B20440FEED0947706B4840DAE159A54FB20440C8C48CD4706B4840345CA5683DB2044066D06925716B484018A7498826B204402FF47B6A716B48401A0EE2D00FB204405E0A3971716B48405AAD626BF9B104403F82525B716B48406B8F3D24ECB1044007884236716B4840F213B8EF0CB2044072098A1E6F6B4840A2B8CBE41DB2044069755B8A6F6B4840679B9D4A2CB2044073A73D606F6B4840', 1);
    INSERT INTO public.floorwalls VALUES (191, '0105000020E6100000010000000102000000020000004C276B6A11B2044073C8BAD26E6B48409E100A9C38B2044089CE326F6C6B4840', 1);
    INSERT INTO public.floorwalls VALUES (192, '0105000020E61000000100000001020000000200000063F3DB0147B2044085CFFE8A6C6B48409D5763AF54B2044070A150996C6B4840', 1);
    INSERT INTO public.floorwalls VALUES (193, '0105000020E610000001000000010200000004000000BA589D2046B20440466EFA9B6E6B48405BC397A549B20440873E90B36E6B48408719A53E57B20440C6173EDA6D6B48404A2D9B7D31B20440650099E26C6B4840', 1);
    INSERT INTO public.floorwalls VALUES (194, '0105000020E610000001000000010200000002000000A31747A638B20440FB8269CC6E6B48401D41BE361DB204403173E41E6E6B4840', 1);
    INSERT INTO public.floorwalls VALUES (195, '0105000020E6100000010000000102000000020000002B55685E3DB2044044FBEA7E6E6B484089C4FE904CB204409BBB97956D6B4840', 1);
    INSERT INTO public.floorwalls VALUES (196, '0105000020E610000001000000010200000003000000AB93699310B20440C1DBA471716B4840672B3DE512B20440C44C4C38706B484043723C040CB2044065697107706B4840', 1);
    INSERT INTO public.floorwalls VALUES (197, '0105000020E6100000010000000102000000030000007E1D1DC535B20440DFCC933C716B4840BAE83CBB2CB2044002B0DCFF6F6B4840079C677D36B2044035CC01CF6F6B4840', 1);
    INSERT INTO public.floorwalls VALUES (198, '0105000020E6100000010000000102000000020000000924EA904EB20440582157D8706B4840D5EFA63F3EB20440DBFD27AE6F6B4840', 1);
    INSERT INTO public.floorwalls VALUES (199, '0105000020E6100000010000000102000000020000009E8444E9AEB104401B07F83E6F6B4840982E9144C4B10440B5CA08A96E6B4840', 1);
    INSERT INTO public.floorwalls VALUES (200, '0105000020E610000001000000010200000002000000BB80F9DCE1B10440B1C4F40E6F6B4840284AE8B4CBB10440AEFBA6756E6B4840', 1);
    INSERT INTO public.floorwalls VALUES (201, '0105000020E6100000010000000102000000020000005E7E2B06DCB10440F4E6F2176B6B484080D0939EF9B1044052BBCC386B6B4840', 1);
    INSERT INTO public.floorwalls VALUES (202, '0105000020E6100000010000000102000000020000006896E4FCC5B00440576AC762696B4840DBD67044C9B004408728AF02686B4840', 1);
    INSERT INTO public.floorwalls VALUES (203, '0105000020E610000001000000010200000002000000BC274577D2B00440F3592910686B48403C15E39D0CB10440A6987F5E686B4840', 1);
    INSERT INTO public.floorwalls VALUES (204, '0105000020E610000001000000010200000002000000240B4AC7FFB104407B38CAC7686B4840844E419E01B2044049DAEFDB676B4840', 1);
    INSERT INTO public.floorwalls VALUES (205, '0105000020E610000001000000010200000002000000E90E06F83CB20440EF4BFA36696B4840C4C2CD723FB2044083D1521F686B4840', 1);


    --
    -- TOC entry 3880 (class 0 OID 26211)
    -- Dependencies: 215
    -- Data for Name: graphedge; Type: TABLE DATA; Schema: public; Owner: postgres
    --

    INSERT INTO public.graphedge VALUES (0, 4.933832376446707, 0, 28, 0);
    INSERT INTO public.graphedge VALUES (1, 5.476988530212214, 0, 5, 1);
    INSERT INTO public.graphedge VALUES (2, 4.738206512015204, 0, 6, 1);
    INSERT INTO public.graphedge VALUES (3, 4.526102786786269, 0, 18, 2);
    INSERT INTO public.graphedge VALUES (4, 4.855683796756576, 0, 19, 2);
    INSERT INTO public.graphedge VALUES (5, 4.899477524878777, 0, 12, 3);
    INSERT INTO public.graphedge VALUES (6, 4.242881854895837, 0, 5, 4);
    INSERT INTO public.graphedge VALUES (7, 10.288447712793829, 0, 7, 4);
    INSERT INTO public.graphedge VALUES (8, 10.21518406391463, 0, 6, 5);
    INSERT INTO public.graphedge VALUES (9, 4.26549388087895, 0, 7, 6);
    INSERT INTO public.graphedge VALUES (10, 8.54990014122894, 0, 105, 7);
    INSERT INTO public.graphedge VALUES (11, 1.849887926445538, 0, 9, 8);
    INSERT INTO public.graphedge VALUES (12, 6.202321395986056, 0, 108, 8);
    INSERT INTO public.graphedge VALUES (13, 1.7971237916901648, 0, 127, 8);
    INSERT INTO public.graphedge VALUES (14, 4.424255574236353, 0, 129, 8);
    INSERT INTO public.graphedge VALUES (15, 8.900253867264864, 0, 10, 9);
    INSERT INTO public.graphedge VALUES (16, 4.837286153159322, 0, 128, 9);
    INSERT INTO public.graphedge VALUES (17, 6.975249245254082, 0, 11, 10);
    INSERT INTO public.graphedge VALUES (18, 1.7212131621281948, 0, 125, 10);
    INSERT INTO public.graphedge VALUES (19, 2.7182381696286, 0, 12, 11);
    INSERT INTO public.graphedge VALUES (20, 4.114469103642105, 0, 120, 11);
    INSERT INTO public.graphedge VALUES (21, 3.3141607859966298, 0, 123, 11);
    INSERT INTO public.graphedge VALUES (22, 8.746642894157723, 0, 13, 12);
    INSERT INTO public.graphedge VALUES (23, 3.1019809284925226, 0, 124, 12);
    INSERT INTO public.graphedge VALUES (24, 9.508909610245219, 0, 14, 13);
    INSERT INTO public.graphedge VALUES (25, 3.795243953884271, 0, 19, 13);
    INSERT INTO public.graphedge VALUES (26, 3.387595431294994, 0, 15, 14);
    INSERT INTO public.graphedge VALUES (27, 3.732023049177167, 0, 18, 14);
    INSERT INTO public.graphedge VALUES (28, 2.058559536989681, 0, 132, 14);
    INSERT INTO public.graphedge VALUES (29, 1.0708238003930053, 0, 17, 15);
    INSERT INTO public.graphedge VALUES (30, 1.5048143939833885, 0, 38, 15);
    INSERT INTO public.graphedge VALUES (31, 1.662993394858758, 0, 51, 15);
    INSERT INTO public.graphedge VALUES (32, 3.0949760516918725, 0, 17, 16);
    INSERT INTO public.graphedge VALUES (33, 6.458062572530115, 0, 30, 20);
    INSERT INTO public.graphedge VALUES (34, 104.84594653602417, 0, 201, 20);
    INSERT INTO public.graphedge VALUES (35, 3.7361641060393307, 0, 22, 21);
    INSERT INTO public.graphedge VALUES (36, 2.053177818056809, 0, 40, 21);
    INSERT INTO public.graphedge VALUES (37, 3.6065549598320934, 0, 52, 21);
    INSERT INTO public.graphedge VALUES (38, 3.367442095145829, 0, 23, 22);
    INSERT INTO public.graphedge VALUES (39, 3.251114308990511, 0, 52, 22);
    INSERT INTO public.graphedge VALUES (40, 8.213139113344903, 0, 24, 23);
    INSERT INTO public.graphedge VALUES (41, 9.552624704317852, 0, 25, 23);
    INSERT INTO public.graphedge VALUES (42, 8.246811073429772, 0, 31, 23);
    INSERT INTO public.graphedge VALUES (43, 12.479831916372795, 0, 201, 24);
    INSERT INTO public.graphedge VALUES (44, 6.280794275071113, 0, 46, 25);
    INSERT INTO public.graphedge VALUES (45, 3.0183190013990338, 0, 47, 25);
    INSERT INTO public.graphedge VALUES (46, 8.750041182807285, 0, 49, 25);
    INSERT INTO public.graphedge VALUES (47, 3.2428280987002185, 0, 48, 26);
    INSERT INTO public.graphedge VALUES (48, 8.991964616311918, 0, 49, 26);
    INSERT INTO public.graphedge VALUES (49, 7.724860827635381, 0, 208, 26);
    INSERT INTO public.graphedge VALUES (50, 11.178733718378044, 0, 28, 27);
    INSERT INTO public.graphedge VALUES (51, 3.653551846553666, 0, 206, 27);
    INSERT INTO public.graphedge VALUES (52, 6.118697149617836, 0, 210, 27);
    INSERT INTO public.graphedge VALUES (53, 4.924560330628116, 0, 41, 29);
    INSERT INTO public.graphedge VALUES (54, 9.945749251599478, 0, 42, 29);
    INSERT INTO public.graphedge VALUES (55, 20.607680572593004, 0, 206, 29);
    INSERT INTO public.graphedge VALUES (56, 3.5279645526073873, 0, 42, 30);
    INSERT INTO public.graphedge VALUES (57, 9.081942973122777, 0, 32, 31);
    INSERT INTO public.graphedge VALUES (58, 34.424622705643316, 0, 33, 32);
    INSERT INTO public.graphedge VALUES (59, 22.154225157556603, 0, 45, 33);
    INSERT INTO public.graphedge VALUES (60, 19.55940224141839, 0, 231, 35);
    INSERT INTO public.graphedge VALUES (61, 4, 0, 37, 36);
    INSERT INTO public.graphedge VALUES (62, 3.064835867419356, 0, 39, 36);
    INSERT INTO public.graphedge VALUES (63, 3.329314634465582, 0, 40, 37);
    INSERT INTO public.graphedge VALUES (64, 1.317447621659846, 0, 39, 38);
    INSERT INTO public.graphedge VALUES (65, 1.5009502109655364, 0, 51, 38);
    INSERT INTO public.graphedge VALUES (66, 1.0745803776763372, 0, 58, 38);
    INSERT INTO public.graphedge VALUES (67, 1.538047703054462, 0, 100, 39);
    INSERT INTO public.graphedge VALUES (68, 9.352247786061563, 0, 42, 41);
    INSERT INTO public.graphedge VALUES (69, 11.767581041782353, 0, 43, 42);
    INSERT INTO public.graphedge VALUES (70, 6.162148504074692, 0, 44, 43);
    INSERT INTO public.graphedge VALUES (71, 5.841865024808023, 0, 202, 43);
    INSERT INTO public.graphedge VALUES (72, 14.577280431366487, 0, 202, 45);
    INSERT INTO public.graphedge VALUES (73, 10.620364898479007, 0, 204, 45);
    INSERT INTO public.graphedge VALUES (74, 10.98100826833641, 0, 205, 45);
    INSERT INTO public.graphedge VALUES (75, 21.083929393960794, 0, 213, 45);
    INSERT INTO public.graphedge VALUES (76, 3.3184876948372213, 0, 49, 46);
    INSERT INTO public.graphedge VALUES (77, 3.108635161378742, 0, 50, 49);
    INSERT INTO public.graphedge VALUES (78, 7.675595430580771, 0, 200, 52);
    INSERT INTO public.graphedge VALUES (79, 3.71850067271053, 0, 54, 53);
    INSERT INTO public.graphedge VALUES (80, 15.744868955384637, 0, 55, 53);
    INSERT INTO public.graphedge VALUES (81, 9.240343012693742, 0, 328, 53);
    INSERT INTO public.graphedge VALUES (82, 3.006888622143331, 0, 56, 55);
    INSERT INTO public.graphedge VALUES (83, 3.247854063563781, 0, 200, 55);
    INSERT INTO public.graphedge VALUES (84, 4, 0, 57, 56);
    INSERT INTO public.graphedge VALUES (85, 1.9261276915113783, 0, 102, 57);
    INSERT INTO public.graphedge VALUES (86, 3.1549798390968222, 0, 59, 58);
    INSERT INTO public.graphedge VALUES (87, 4.764901015463877, 0, 101, 100);
    INSERT INTO public.graphedge VALUES (88, 1.1295398651319206, 0, 103, 100);
    INSERT INTO public.graphedge VALUES (89, 4.348478235474107, 0, 102, 101);
    INSERT INTO public.graphedge VALUES (90, 22.267351101572462, 0, 307, 102);
    INSERT INTO public.graphedge VALUES (91, 3.1651982686510154, 0, 104, 103);
    INSERT INTO public.graphedge VALUES (92, 9.724271082659063, 0, 106, 105);
    INSERT INTO public.graphedge VALUES (93, 11.407778071965172, 0, 108, 105);
    INSERT INTO public.graphedge VALUES (94, 1.8149197652544364, 0, 111, 105);
    INSERT INTO public.graphedge VALUES (95, 13.007486156372249, 0, 107, 106);
    INSERT INTO public.graphedge VALUES (96, 4, 0, 203, 107);
    INSERT INTO public.graphedge VALUES (97, 3.1001167308701327, 0, 109, 108);
    INSERT INTO public.graphedge VALUES (98, 3.43334407005661, 0, 110, 109);
    INSERT INTO public.graphedge VALUES (99, 4, 0, 212, 110);
    INSERT INTO public.graphedge VALUES (100, 4, 0, 207, 111);
    INSERT INTO public.graphedge VALUES (101, 4.6348384928624515, 0, 124, 121);
    INSERT INTO public.graphedge VALUES (102, 5.594606558346754, 0, 123, 122);
    INSERT INTO public.graphedge VALUES (103, 5.765284216385876, 0, 126, 125);
    INSERT INTO public.graphedge VALUES (104, 5.808191842648652, 0, 127, 126);
    INSERT INTO public.graphedge VALUES (105, 5.477624609240583, 0, 133, 132);
    INSERT INTO public.graphedge VALUES (106, 6.0524537264867035, 0, 203, 202);
    INSERT INTO public.graphedge VALUES (107, 5.3108480196414405, 0, 207, 206);
    INSERT INTO public.graphedge VALUES (108, 13.842360772693336, 0, 209, 208);
    INSERT INTO public.graphedge VALUES (109, 11.330211080670532, 0, 210, 208);
    INSERT INTO public.graphedge VALUES (110, 11.577069034103898, 0, 230, 208);
    INSERT INTO public.graphedge VALUES (111, 6.350281293325808, 0, 211, 210);
    INSERT INTO public.graphedge VALUES (112, 1.6261297135211767, 0, 212, 211);
    INSERT INTO public.graphedge VALUES (113, 7.879087148063558, 0, 230, 213);
    INSERT INTO public.graphedge VALUES (114, 3.3413133395086385, 0, 231, 230);
    INSERT INTO public.graphedge VALUES (115, 6.271059303682354, 0, 308, 300);
    INSERT INTO public.graphedge VALUES (116, 6.783124724487634, 0, 309, 300);
    INSERT INTO public.graphedge VALUES (117, 6.7189577282005635, 0, 310, 301);
    INSERT INTO public.graphedge VALUES (118, 6.661429327583891, 0, 311, 301);
    INSERT INTO public.graphedge VALUES (119, 3.685977582818271, 0, 312, 302);
    INSERT INTO public.graphedge VALUES (120, 3.972126858661919, 0, 314, 303);
    INSERT INTO public.graphedge VALUES (121, 4.031489029852719, 0, 313, 304);
    INSERT INTO public.graphedge VALUES (122, 3.658783450412423, 0, 315, 305);
    INSERT INTO public.graphedge VALUES (123, 4.596295195866986, 0, 316, 306);
    INSERT INTO public.graphedge VALUES (124, 2.0672633744004187, 0, 308, 307);
    INSERT INTO public.graphedge VALUES (125, 2.881030469928872, 0, 331, 307);
    INSERT INTO public.graphedge VALUES (126, 1.0892068817397396, 0, 318, 309);
    INSERT INTO public.graphedge VALUES (127, 1.1388072089106913, 0, 317, 310);
    INSERT INTO public.graphedge VALUES (128, 1.728135524835064, 0, 319, 311);
    INSERT INTO public.graphedge VALUES (129, 1.5483484932396474, 0, 319, 312);
    INSERT INTO public.graphedge VALUES (130, 1.747668241981131, 0, 320, 313);
    INSERT INTO public.graphedge VALUES (131, 1.464891781130892, 0, 320, 314);
    INSERT INTO public.graphedge VALUES (132, 1.663641174202011, 0, 321, 315);
    INSERT INTO public.graphedge VALUES (133, 1.5461988177142767, 0, 321, 316);
    INSERT INTO public.graphedge VALUES (134, 2.4560022474589305, 0, 318, 317);
    INSERT INTO public.graphedge VALUES (135, 4.29972888807996, 0, 331, 317);
    INSERT INTO public.graphedge VALUES (136, 7.262929048650058, 0, 319, 318);
    INSERT INTO public.graphedge VALUES (137, 4.738858885439216, 0, 320, 319);
    INSERT INTO public.graphedge VALUES (138, 12.38781242425597, 0, 321, 320);
    INSERT INTO public.graphedge VALUES (139, 10.614294133521197, 0, 325, 322);
    INSERT INTO public.graphedge VALUES (140, 4.554760381297471, 0, 326, 323);
    INSERT INTO public.graphedge VALUES (141, 4.923496570788102, 0, 327, 324);
    INSERT INTO public.graphedge VALUES (142, 8.192571175519646, 0, 326, 325);
    INSERT INTO public.graphedge VALUES (143, 5.865319907670154, 0, 328, 325);
    INSERT INTO public.graphedge VALUES (144, 6.102149836453867, 0, 327, 326);
    INSERT INTO public.graphedge VALUES (145, 3.309273319121432, 0, 329, 328);
    INSERT INTO public.graphedge VALUES (146, 4, 0, 330, 329);
    INSERT INTO public.graphedge VALUES (147, 1.6831666372216245, 0, 331, 330);


    --
    -- TOC entry 3883 (class 0 OID 42710)
    -- Dependencies: 218
    -- Data for Name: poi_events; Type: TABLE DATA; Schema: public; Owner: postgres
    --



    --
    -- TOC entry 3707 (class 0 OID 16690)
    -- Dependencies: 204
    -- Data for Name: spatial_ref_sys; Type: TABLE DATA; Schema: public; Owner: postgres
    --



    --
    -- TOC entry 3882 (class 0 OID 42696)
    -- Dependencies: 217
    -- Data for Name: user; Type: TABLE DATA; Schema: public; Owner: postgres
    --

    INSERT INTO public."user" VALUES (0, 'bb60f2074afe79d252e446f146848cadac38d8bb14a8db087266f879ee40d0fd13f7dd98064c12350f78629f1c9dd4b4157c39d74f0b75cd2ca0ddfbdfd97d3b', 'toto');
    INSERT INTO public."user" VALUES (1, '333d42aa04560a5d160fb9d8462a89b82d62b78af7079b7ebf3090dfd940dac1f6deb948119e28552106e20bdbc12602cf123d816132f2884c4556cdef5125be', 'geolocindoor');
    INSERT INTO public."user" VALUES (2, '2c985cb10e87505b9464184acb98ed343837cae84e8fa3f1ebbbe122d065fcddffa8b8dde1fc2a50c7c62495662f3680dc5b2c9db2d42f574a12a5467da6408b', 'geoloc');


    --
    -- TOC entry 3896 (class 0 OID 0)
    -- Dependencies: 219
    -- Name: gen_building; Type: SEQUENCE SET; Schema: public; Owner: postgres
    --

    SELECT pg_catalog.setval('public.gen_building', 751, true);


    --
    -- TOC entry 3897 (class 0 OID 0)
    -- Dependencies: 220
    -- Name: gen_event; Type: SEQUENCE SET; Schema: public; Owner: postgres
    --

    SELECT pg_catalog.setval('public.gen_event', 101, true);


    --
    -- TOC entry 3898 (class 0 OID 0)
    -- Dependencies: 221
    -- Name: gen_floor; Type: SEQUENCE SET; Schema: public; Owner: postgres
    --

    SELECT pg_catalog.setval('public.gen_floor', 851, true);


    --
    -- TOC entry 3899 (class 0 OID 0)
    -- Dependencies: 222
    -- Name: gen_floor_bound; Type: SEQUENCE SET; Schema: public; Owner: postgres
    --

    SELECT pg_catalog.setval('public.gen_floor_bound', 316, true);


    --
    -- TOC entry 3900 (class 0 OID 0)
    -- Dependencies: 223
    -- Name: gen_floorwalls; Type: SEQUENCE SET; Schema: public; Owner: postgres
    --

    SELECT pg_catalog.setval('public.gen_floorwalls', 455, true);


    --
    -- TOC entry 3901 (class 0 OID 0)
    -- Dependencies: 224
    -- Name: gen_graphedge; Type: SEQUENCE SET; Schema: public; Owner: postgres
    --

    SELECT pg_catalog.setval('public.gen_graphedge', 1300, true);


    --
    -- TOC entry 3902 (class 0 OID 0)
    -- Dependencies: 225
    -- Name: gen_poi; Type: SEQUENCE SET; Schema: public; Owner: postgres
    --

    SELECT pg_catalog.setval('public.gen_poi', 6200, true);


    --
    -- TOC entry 3903 (class 0 OID 0)
    -- Dependencies: 208
    -- Name: hibernate_sequence; Type: SEQUENCE SET; Schema: public; Owner: postgres
    --

    SELECT pg_catalog.setval('public.hibernate_sequence', 69, true);


    -- Completed on 2020-03-04 13:44:33 CET

    --
    -- PostgreSQL database dump complete
    --
